id,sku,type,sex,color,breed,feed,age_in_month,slides,sale_offer_percentage,feedlot_in_month,teeth,parts_available,height_in_inch,youtube_slug,weight_in_kg,price,is_special,is_dewormed,is_fmd_vaccinated,is_anthrax_vaccinated,is_lumpy_skin_disease,size,thumbnail,created_at,status
2dac7a5d-7526-4fe7-a62d-9346a96b7b73,BLF 4655,COW,MALE_BULL,NON_RED,LOCAL,['GRASS_GRAIN_FED'],2 Years,"[{'id': '56d72ba4-dd70-4ca6-ae35-b8bd55cc2ef0', 'image': 'https://uploads-master.aws.bengalmeat.com/media/cattle-image/2025/BLF_4655_2.jpg'}, {'id': '204586d3-3d48-41e3-841d-bc3fcdc1889b', 'image': 'https://uploads-master.aws.bengalmeat.com/media/cattle-image/2025/BLF_4655_3.jpg'}, {'id': 'c20904f8-fce9-43db-a919-0ccbb108e864', 'image': 'https://uploads-master.aws.bengalmeat.com/media/cattle-image/2025/BLF_4655_4.jpg'}]",0.0,6 Months,2,0,42.0,MChE48xekeM,256.0,165000.00,True,True,True,True,True,MINIMUM,https://uploads-master.aws.bengalmeat.com/media/cattle-thumbnail/2025/BLF_4655_1.jpg,2025-04-23T16:45:55.955609+06:00,AVAILABLE
5860bf9c-5344-44f3-8428-dc41f3bd523b,BLF 4641,COW,MALE_BULL,RED,LOCAL,['GRASS_FED_GRASS_FINISHED'],2 Years,"[{'id': 'e20f8357-1bcf-4a88-9f9c-7f4ea3a12809', 'image': 'https://uploads-master.aws.bengalmeat.com/media/cattle-image/2025/BLF_4641_2.jpg'}, {'id': '8a0c6035-0ad2-4f51-9c13-72183571b113', 'image': 'https://uploads-master.aws.bengalmeat.com/media/cattle-image/2025/BLF_4641_3.jpg'}, {'id': '3d8bc7c3-7d99-49a4-ad5c-50fd9e69384e', 'image': 'https://uploads-master.aws.bengalmeat.com/media/cattle-image/2025/BLF_4641_4.jpg'}]",0.0,6 Months,2,0,43.0,MCo6ZvQw954,265.0,169000.00,False,True,True,True,True,MINIMUM,https://uploads-master.aws.bengalmeat.com/media/cattle-thumbnail/2025/BLF_4641_1.jpg,2025-04-23T16:27:13.470620+06:00,AVAILABLE
58218ee4-2f0c-4bfa-8656-324edf64a18a,BLF 4735,COW,MALE_BULL,RED,LOCAL,['GRASS_GRAIN_FED'],2 Years,"[{'id': 'b032c7a0-672a-4520-aeaa-33887d38918d', 'image': 'https://uploads-master.aws.bengalmeat.com/media/cattle-image/2025/BLF_4735_2.jpg'}, {'id': '1ce3304a-4ef0-445e-8c2f-72459a900eb7', 'image': 'https://uploads-master.aws.bengalmeat.com/media/cattle-image/2025/BLF_4735_3.jpg'}, {'id': '4cbe1e97-5a53-423f-88f8-cb16439eaff5', 'image': 'https://uploads-master.aws.bengalmeat.com/media/cattle-image/2025/BLF_4735_4.jpg'}]",0.0,6 Months,2,0,44.4,XSt7rCLjHX4,274.0,174000.00,False,True,True,True,True,MINIMUM,https://uploads-master.aws.bengalmeat.com/media/cattle-thumbnail/2025/BLF_4735_1.jpg,2025-05-01T19:48:30.408991+06:00,AVAILABLE
1b8173a8-bc1c-44e2-85dd-b37b8e3d3fbb,BLF 4720,COW,MALE_BULL,NON_RED,LOCAL,['GRASS_GRAIN_FED'],2.5 Years,"[{'id': 'b6aa8675-cc14-4727-b1cf-54f817fcebbb', 'image': 'https://uploads-master.aws.bengalmeat.com/media/cattle-image/2025/BLF_4720_2.jpg'}, {'id': '2c94dd62-6b8b-4702-951f-96f6319869eb', 'image': 'https://uploads-master.aws.bengalmeat.com/media/cattle-image/2025/BLF_4720_3.jpg'}, {'id': '7217328f-8ed6-43ec-9b52-ba1d895cf9e2', 'image': 'https://uploads-master.aws.bengalmeat.com/media/cattle-image/2025/BLF_4720_4.jpg'}]",0.0,6 Months,4,0,41.6,LBOKMGFlpAE,252.0,161000.00,False,True,True,True,True,MINIMUM,https://uploads-master.aws.bengalmeat.com/media/cattle-thumbnail/2025/BLF_4720_1.jpg,2025-04-29T12:31:01.469053+06:00,AVAILABLE
3f64ec1a-030e-45b3-8f33-5b557a9610cc,BLF 4640,COW,MALE_BULL,NON_RED,LOCAL,['GRASS_GRAIN_FED'],2 Years,"[{'id': '0382fe43-65cc-4f70-a3eb-055eecad8df8', 'image': 'https://uploads-master.aws.bengalmeat.com/media/cattle-image/2025/BLF_4640_2.jpg'}, {'id': 'f07f12a8-f8c8-47ed-982d-3ba705950411', 'image': 'https://uploads-master.aws.bengalmeat.com/media/cattle-image/2025/BLF_4640_3.jpg'}, {'id': '2a5f1043-a889-489a-88a3-36eb32d905ef', 'image': 'https://uploads-master.aws.bengalmeat.com/media/cattle-image/2025/BLF_4640_4.jpg'}]",0.0,6 Months,2,0,42.7,mZuRzaw5JVE,284.0,180000.00,False,True,True,True,True,MINIMUM,https://uploads-master.aws.bengalmeat.com/media/cattle-thumbnail/2025/BLF_4640_1.jpg,2025-04-23T16:26:02.610793+06:00,AVAILABLE
a102a309-61c3-45ba-9240-bd686095e7d9,BLF 4654,COW,MALE_BULL,NON_RED,HOSTINE_CROSS,['GRASS_GRAIN_FED'],2 Years,"[{'id': 'ba7c0be3-6629-4602-b03c-4f487cf8aa16', 'image': 'https://uploads-master.aws.bengalmeat.com/media/cattle-image/2025/BLF_4654_2.jpg'}, {'id': 'cd2babec-f471-4418-a15c-29e821999523', 'image': 'https://uploads-master.aws.bengalmeat.com/media/cattle-image/2025/BLF_4654_3.jpg'}, {'id': '10293039-946d-4476-adf4-c378f660a139', 'image': 'https://uploads-master.aws.bengalmeat.com/media/cattle-image/2025/BLF_4654_4.jpg'}]",0.0,6 Months,2,0,42.8,y2t_HXlVIe0,258.0,161000.00,False,True,True,True,True,MINIMUM,https://uploads-master.aws.bengalmeat.com/media/cattle-thumbnail/2025/BLF_4654_1.jpg,2025-04-23T16:44:50.164162+06:00,AVAILABLE
fd4bb5d1-1a1b-41bb-a289-51bc18533acd,BLF 4697,COW,MALE_BULL,RED,LOCAL,['GRASS_GRAIN_FED'],2.5 Years,"[{'id': '7abb453e-5061-419b-9828-c451b8951a6c', 'image': 'https://uploads-master.aws.bengalmeat.com/media/cattle-image/2025/BLF_4697_2.jpg'}, {'id': 'e21d3516-34de-4a38-841c-b4729b639185', 'image': 'https://uploads-master.aws.bengalmeat.com/media/cattle-image/2025/BLF_4697_3.jpg'}, {'id': '16704bf6-b9d8-43e4-9fb9-c18f2ef9cb1c', 'image': 'https://uploads-master.aws.bengalmeat.com/media/cattle-image/2025/BLF_4697.jpg'}]",0.0,6 Months,4,0,40.2,liJgwYDkAS4,254.0,163000.00,False,True,True,True,True,MINIMUM,https://uploads-master.aws.bengalmeat.com/media/cattle-thumbnail/2025/BLF_4697_1.jpg,2025-04-24T14:29:30.273087+06:00,AVAILABLE
e34efc1f-7c97-480f-a1ca-593ea9311cf7,BLF 4723,COW,MALE_BULL,RED,LOCAL,['GRASS_GRAIN_FED'],2 Years,"[{'id': '679afb03-37a2-4628-944d-561f3f1b0b46', 'image': 'https://uploads-master.aws.bengalmeat.com/media/cattle-image/2025/BLF_4723_2.jpg'}, {'id': '32d1e2c2-e461-47e2-81fa-d9a74086fbb4', 'image': 'https://uploads-master.aws.bengalmeat.com/media/cattle-image/2025/BLF_4723_3.jpg'}, {'id': '70705147-fadf-43db-b07f-700e5e5cf08b', 'image': 'https://uploads-master.aws.bengalmeat.com/media/cattle-image/2025/BLF_4723_4.jpg'}]",0.0,6 Months,2,0,43.0,ZjdqVsJPdAw,267.0,170000.00,False,True,True,True,True,MINIMUM,https://uploads-master.aws.bengalmeat.com/media/cattle-thumbnail/2025/BLF_4723_1.jpg,2025-04-24T15:28:52.718314+06:00,AVAILABLE
246a055d-8efa-4bef-b25f-812071474b8e,BLF 4657,COW,MALE_BULL,NON_RED,LOCAL,['GRASS_GRAIN_FED'],2 Years,"[{'id': 'eaf0f7a7-d9fc-4ad9-88a8-fe2368a3c306', 'image': 'https://uploads-master.aws.bengalmeat.com/media/cattle-image/2025/BLF_4657_2.jpg'}, {'id': 'e492fe54-985e-42f6-976d-9ca1be0362cf', 'image': 'https://uploads-master.aws.bengalmeat.com/media/cattle-image/2025/BLF_4657_3.jpg'}, {'id': '227ddbd2-065f-4173-bb62-fe75c5ed6476', 'image': 'https://uploads-master.aws.bengalmeat.com/media/cattle-image/2025/BLF_4657_4.jpg'}]",0.0,6 Months,2,0,42.8,0YnzohyUWi0,265.0,169000.00,False,True,True,True,True,MINIMUM,https://uploads-master.aws.bengalmeat.com/media/cattle-thumbnail/2025/BLF_4657_1.jpg,2025-04-24T08:11:36.809707+06:00,AVAILABLE
e41326c0-c196-4a7a-92b9-5de55aa78641,BLF 4643,COW,MALE_BULL,RED,LOCAL,['GRASS_GRAIN_FED'],2 Years,"[{'id': '2a8c5638-9f5d-429d-b102-8f1ef1127ec0', 'image': 'https://uploads-master.aws.bengalmeat.com/media/cattle-image/2025/BLF_4643_2.jpg'}, {'id': 'f0622bb1-e1d4-47af-9503-c740aa6d7c49', 'image': 'https://uploads-master.aws.bengalmeat.com/media/cattle-image/2025/BLF_4643_3.jpg'}, {'id': '55500ce9-53b9-4a4e-87b2-3cfb70591550', 'image': 'https://uploads-master.aws.bengalmeat.com/media/cattle-image/2025/BLF_4643_4.jpg'}]",0.0,6 Months,2,0,39.5,LzZv-vkCssk,254.0,163000.00,False,True,True,True,True,MINIMUM,https://uploads-master.aws.bengalmeat.com/media/cattle-thumbnail/2025/BLF_4643_1.jpg,2025-04-23T16:30:22.532455+06:00,AVAILABLE
ad328433-264a-4b13-a8f7-2f8769138c3e,BLF 4694,COW,MALE_BULL,RED,LOCAL,['GRASS_GRAIN_FED'],2.5 Years,"[{'id': '83743f73-d3c0-4534-a01f-f3837576f720', 'image': 'https://uploads-master.aws.bengalmeat.com/media/cattle-image/2025/BLF_4694_2.jpg'}, {'id': '01cf359d-6074-4329-8c4d-0929ab00734f', 'image': 'https://uploads-master.aws.bengalmeat.com/media/cattle-image/2025/BLF_4694_3.jpg'}, {'id': 'b84b6222-7480-47ad-a7d2-844d83afe4b6', 'image': 'https://uploads-master.aws.bengalmeat.com/media/cattle-image/2025/BLF_4694_4.jpg'}]",0.0,6 Months,4,0,40.0,ClTzYysyMdI,251.0,161000.00,True,True,True,True,True,MINIMUM,https://uploads-master.aws.bengalmeat.com/media/cattle-thumbnail/2025/BLF_4694_1.jpg,2025-04-24T12:43:28.259357+06:00,AVAILABLE
07e187dc-66cd-4814-96ca-7e262ad0ef9e,BLF 4690,COW,MALE_BULL,RED,LOCAL,['GRASS_GRAIN_FED'],2 Years,"[{'id': 'b17b2f56-2986-418f-aa98-9db51b194aa2', 'image': 'https://uploads-master.aws.bengalmeat.com/media/cattle-image/2025/BLF_4690_2.jpg'}, {'id': '12d9d279-59f7-4134-84f0-1e54abe32602', 'image': 'https://uploads-master.aws.bengalmeat.com/media/cattle-image/2025/BLF_4690_3.jpg'}, {'id': '74a384f6-ca4c-49bd-8fce-c7030220791e', 'image': 'https://uploads-master.aws.bengalmeat.com/media/cattle-image/2025/BLF_4690_4.jpg'}]",0.0,6 Months,2,0,42.6,RHR1MynIraY,269.0,172000.00,False,True,True,True,True,MINIMUM,https://uploads-master.aws.bengalmeat.com/media/cattle-thumbnail/2025/BLF_4690_1.jpg,2025-04-24T12:01:28.036033+06:00,AVAILABLE
25bc6c56-4370-4b10-8f06-2c29c1e219fb,BLF 4733,COW,MALE_BULL,NON_RED,HOSTINE_CROSS,['GRASS_GRAIN_FED'],2 Years,"[{'id': 'a4fcb16e-aeb9-4776-a48e-a7807775f860', 'image': 'https://uploads-master.aws.bengalmeat.com/media/cattle-image/2025/BLF_4733_2.jpg'}, {'id': 'e60cbd0c-f88c-4a98-9d09-e4d7bf781fc7', 'image': 'https://uploads-master.aws.bengalmeat.com/media/cattle-image/2025/BLF_4733_3.jpg'}, {'id': '5cb009ae-a104-404c-8df9-b5497d2d37b8', 'image': 'https://uploads-master.aws.bengalmeat.com/media/cattle-image/2025/BLF_4733_4.jpg'}]",0.0,6 Months,2,0,54.0,k2UaFSjHjGM,484.0,299000.00,False,True,True,True,True,MINIMUM,https://uploads-master.aws.bengalmeat.com/media/cattle-thumbnail/2025/BLF_4733_1.jpg,2025-05-01T19:44:41.674148+06:00,AVAILABLE
8794a0f5-2c32-45f5-b24e-799142e2c355,BLF 4732,COW,MALE_BULL,NON_RED,LOCAL,['GRASS_FED_GRASS_FINISHED'],2 Years,"[{'id': 'fe3c5ad3-8f1c-44db-a0d8-051543a84935', 'image': 'https://uploads-master.aws.bengalmeat.com/media/cattle-image/2025/BLF_4732_2.jpg'}, {'id': '99b4f3de-f115-4715-a279-db70e0552fa9', 'image': 'https://uploads-master.aws.bengalmeat.com/media/cattle-image/2025/BLF_4732_3.jpg'}, {'id': 'eacba0dc-cad0-44b7-bd0c-67ecb2abcdb5', 'image': 'https://uploads-master.aws.bengalmeat.com/media/cattle-image/2025/BLF_4732_4.jpg'}]",0.0,6 Months,2,0,44.3,BF2_IXCptT0,281.0,178000.00,False,True,True,True,True,MINIMUM,https://uploads-master.aws.bengalmeat.com/media/cattle-thumbnail/2025/BLF_4732_1.jpg,2025-05-01T19:40:04.193652+06:00,AVAILABLE
24410f94-3ef9-4825-889f-a427446dfece,BLF 4691,COW,MALE_BULL,RED,LOCAL,['GRASS_GRAIN_FED'],2.5 Years,"[{'id': 'f44cdc51-b305-4b4e-91e0-dd52906e7102', 'image': 'https://uploads-master.aws.bengalmeat.com/media/cattle-image/2025/BLF_4691_2.jpg'}, {'id': 'b7bcbcee-3eda-422e-8d27-24ca9b3b2b0e', 'image': 'https://uploads-master.aws.bengalmeat.com/media/cattle-image/2025/BLF_4691_3.jpg'}, {'id': 'b64caa76-6192-4843-9014-351de689fcbb', 'image': 'https://uploads-master.aws.bengalmeat.com/media/cattle-image/2025/BLF_4691_4.jpg'}]",0.0,6 Months,4,0,41.3,zZ8Bgbu5qoo,260.0,167000.00,False,True,True,True,True,MINIMUM,https://uploads-master.aws.bengalmeat.com/media/cattle-thumbnail/2025/BLF_4691_1.jpg,2025-04-24T12:21:59.083836+06:00,AVAILABLE
d09f0b92-0906-4c92-a81f-ad019d4318b9,BLF 4687,COW,MALE_BULL,RED,LOCAL,['GRASS_GRAIN_FED'],2 Years,"[{'id': '8684033b-f924-45b6-8126-8b1ab287c2f6', 'image': 'https://uploads-master.aws.bengalmeat.com/media/cattle-image/2025/BLF_4687_2.jpg'}, {'id': '25aaf557-55ff-4771-ac6b-9a3d7ccd85c6', 'image': 'https://uploads-master.aws.bengalmeat.com/media/cattle-image/2025/BLF_4687_3.jpg'}, {'id': 'f873bbfc-b5f1-405c-b157-1b5912b2d2be', 'image': 'https://uploads-master.aws.bengalmeat.com/media/cattle-image/2025/BLF_4687_4.jpg'}]",0.0,6 Months,2,0,43.11,lSWnn5Gfxfw,260.0,166000.00,False,True,True,True,True,MINIMUM,https://uploads-master.aws.bengalmeat.com/media/cattle-thumbnail/2025/BLF_4687_1.jpg,2025-04-24T11:48:20.773282+06:00,AVAILABLE
113beb55-6a80-4351-be10-2f5efb0f8328,BLF 4718,COW,MALE_BULL,RED,LOCAL,['GRASS_FED_GRASS_FINISHED'],2 Years,"[{'id': '91f726c2-b92e-40b7-87e0-922d5ef44d79', 'image': 'https://uploads-master.aws.bengalmeat.com/media/cattle-image/2025/BLF_4718_2.jpg'}, {'id': '721ea62a-17de-40d3-b421-b329c75eebc0', 'image': 'https://uploads-master.aws.bengalmeat.com/media/cattle-image/2025/BLF_4718_3.jpg'}, {'id': '2bd6059c-c889-45fc-9600-a248b936ca25', 'image': 'https://uploads-master.aws.bengalmeat.com/media/cattle-image/2025/BLF_4718_4.jpg'}]",0.0,6 Months,2,0,43.0,5uEh-e8FgLI,425.0,275000.00,False,True,True,True,True,MINIMUM,https://uploads-master.aws.bengalmeat.com/media/cattle-thumbnail/2025/BLF_4718_1.jpg,2025-04-24T14:47:39.339153+06:00,AVAILABLE
d4d8cc54-1447-40f4-aca3-9b622098dcf2,BLF 4731,COW,MALE_BULL,RED,LOCAL,['GRASS_FED_GRASS_FINISHED'],2.5 Years,"[{'id': '6c1f6a82-7674-4dc2-b0da-49a95dc6e164', 'image': 'https://uploads-master.aws.bengalmeat.com/media/cattle-image/2025/BLF_4731_2.jpg'}, {'id': '0b65e0e7-e066-46e9-a202-ce684ab54b15', 'image': 'https://uploads-master.aws.bengalmeat.com/media/cattle-image/2025/BLF_4731_3.jpg'}, {'id': 'c32127af-a229-4d4c-a5da-7347da7dd58b', 'image': 'https://uploads-master.aws.bengalmeat.com/media/cattle-image/2025/BLF_4731_4.jpg'}]",0.0,6 Months,4,0,42.8,y-a8BzKCmtg,284.0,180000.00,False,True,True,True,True,MINIMUM,https://uploads-master.aws.bengalmeat.com/media/cattle-thumbnail/2025/BLF_4731_1.jpg,2025-05-01T19:36:28.541484+06:00,AVAILABLE
f78f67b4-ed86-4e8f-8119-de3f2d5b6ee8,BLF 4679,COW,MALE_BULL,RED,LOCAL,['GRASS_FED_GRASS_FINISHED'],2 Years,"[{'id': '529b7704-b00d-4141-b8e2-4d2357b2427d', 'image': 'https://uploads-master.aws.bengalmeat.com/media/cattle-image/2025/BLF_4679_2.jpg'}, {'id': '51f7be02-aa0a-474f-857a-0b266e37f061', 'image': 'https://uploads-master.aws.bengalmeat.com/media/cattle-image/2025/BLF_4679_3.jpg'}, {'id': 'c8d8ce9d-72a7-4c82-9cc0-a9abbe1a5e71', 'image': 'https://uploads-master.aws.bengalmeat.com/media/cattle-image/2025/BLF_4679_4.jpg'}]",0.0,6 Months,2,0,41.3,jUa2PGdd0Pg,250.0,160000.00,False,True,True,True,True,MINIMUM,https://uploads-master.aws.bengalmeat.com/media/cattle-thumbnail/2025/BLF_4679_1.jpg,2025-04-24T11:28:08.088786+06:00,AVAILABLE
4f757f66-9884-4b60-8c1c-c31346cfed8a,BLF 4645,COW,MALE_BULL,RED,LOCAL,['GRASS_GRAIN_FED'],2 Years,"[{'id': '6742b857-867d-4a31-9d42-3b8973cf12aa', 'image': 'https://uploads-master.aws.bengalmeat.com/media/cattle-image/2025/BLF_4645_2.jpg'}, {'id': '34003372-fd33-4043-9f66-121a0b33768e', 'image': 'https://uploads-master.aws.bengalmeat.com/media/cattle-image/2025/BLF_4645_3.jpg'}, {'id': '6df23fa2-6c6a-4944-aeb7-4db6292478b9', 'image': 'https://uploads-master.aws.bengalmeat.com/media/cattle-image/2025/BLF_4645_4.jpg'}]",0.0,6 Months,2,0,40.0,3XXYcWKR29I,250.0,161000.00,False,True,True,True,True,MINIMUM,https://uploads-master.aws.bengalmeat.com/media/cattle-thumbnail/2025/BLF_4645_1.jpg,2025-04-23T16:32:49.478793+06:00,AVAILABLE
7038cd8d-8d9e-44c5-8ce2-f6081e00f856,BLF 4686,COW,MALE_BULL,RED,LOCAL,['GRASS_GRAIN_FED'],2 Years,"[{'id': '3ccb4de1-b32f-4b9d-9880-ed0b6d35852d', 'image': 'https://uploads-master.aws.bengalmeat.com/media/cattle-image/2025/BLF_4686_2.jpg'}, {'id': '1b35d490-ea81-4f27-947b-ea6d31c7b63a', 'image': 'https://uploads-master.aws.bengalmeat.com/media/cattle-image/2025/BLF_4686_3.jpg'}, {'id': 'c5fd4075-d17a-4876-beac-2e001262fd55', 'image': 'https://uploads-master.aws.bengalmeat.com/media/cattle-image/2025/BLF_4686_4.jpg'}]",0.0,6 Months,2,0,40.6,qRumrgA97Yw,256.0,165000.00,False,True,True,True,True,MINIMUM,https://uploads-master.aws.bengalmeat.com/media/cattle-thumbnail/2025/BLF_4686_1.jpg,2025-04-24T11:46:39.755711+06:00,AVAILABLE
93028afd-d6f7-4606-ae22-b040b84306ad,BLF 4805,COW,MALE_BULL,NON_RED,LOCAL,['GRASS_GRAIN_FED'],2.5 Years,"[{'id': '71701a74-e4a4-4bdf-b5ff-c1283cfbb813', 'image': 'https://uploads-master.aws.bengalmeat.com/media/cattle-image/2025/BLF_4805_2.jpg'}, {'id': '103fd178-9491-4857-99f4-790d2524ca3d', 'image': 'https://uploads-master.aws.bengalmeat.com/media/cattle-image/2025/BLF_4805_3.jpg'}, {'id': 'c1e9f999-2603-4a7c-b63b-3de592809abc', 'image': 'https://uploads-master.aws.bengalmeat.com/media/cattle-image/2025/BLF_4805_4.jpg'}]",0.0,6 Months,4,0,46.0,Pv2VPHwvhs8,315.0,197000.00,False,True,True,True,True,MEDIUM,https://uploads-master.aws.bengalmeat.com/media/cattle-thumbnail/2025/BLF_4805_1.jpg,2025-04-30T11:41:05.337401+06:00,AVAILABLE
fd62614c-0fb6-43c5-9f7e-8a1d26d15a0b,BLF 4636,COW,MALE_BULL,RED,LOCAL,['GRASS_GRAIN_FED'],2 Years,"[{'id': '015a7727-32a5-48ca-bf8d-036106e8e6b0', 'image': 'https://uploads-master.aws.bengalmeat.com/media/cattle-image/2025/BLF_4636_2.jpg'}, {'id': 'd5620999-68fc-48d7-ab52-d78b11e3dc34', 'image': 'https://uploads-master.aws.bengalmeat.com/media/cattle-image/2025/BLF_4636_3.jpg'}, {'id': '37747d57-3087-4ff6-b0c9-e4e805365830', 'image': 'https://uploads-master.aws.bengalmeat.com/media/cattle-image/2025/BLF_4636_4.jpg'}]",0.0,6 Months,2,0,43.11,Pn8U3Ylq8lA,283.0,179000.00,False,True,True,True,True,MINIMUM,https://uploads-master.aws.bengalmeat.com/media/cattle-thumbnail/2025/BLF_4636.jpg,2025-04-23T16:21:03.184533+06:00,AVAILABLE
72264f12-caa8-4dd9-8c4e-5d92273be5f5,BLF 4781,COW,MALE_BULL,RED,LOCAL,['GRASS_FED_GRASS_FINISHED'],2.5 Years,"[{'id': 'c0a4a0f9-9400-4dfe-bc3a-4ce0b1af318e', 'image': 'https://uploads-master.aws.bengalmeat.com/media/cattle-image/2025/BLF_4781_2.jpg'}, {'id': '6457c113-fe75-417f-a157-5e186af9c812', 'image': 'https://uploads-master.aws.bengalmeat.com/media/cattle-image/2025/BLF_4781_3.jpg'}, {'id': 'cdac8b14-e915-4f40-91df-d13288f803ca', 'image': 'https://uploads-master.aws.bengalmeat.com/media/cattle-image/2025/BLF_4781_4.jpg'}]",0.0,6 Months,4,0,43.5,kjtKqg-PIy8,279.0,179000.00,False,True,True,True,True,MINIMUM,https://uploads-master.aws.bengalmeat.com/media/cattle-thumbnail/2025/BLF_4781_1.jpg,2025-04-30T08:14:15.716799+06:00,AVAILABLE
a7863a38-55e8-47b1-b8b6-c403b3c5e0b8,BLF 4743,COW,MALE_BULL,RED,LOCAL,['GRASS_GRAIN_FED'],2 Years,"[{'id': '5bd1197f-5d8f-441b-b2df-c70cfa6bee10', 'image': 'https://uploads-master.aws.bengalmeat.com/media/cattle-image/2025/BLF_4743_2.jpg'}, {'id': '505845c5-ef41-4cb2-9af0-33159b84982e', 'image': 'https://uploads-master.aws.bengalmeat.com/media/cattle-image/2025/BLF_4743_3.jpg'}, {'id': 'ca30b9a7-8ed8-466a-a94f-a060004c5299', 'image': 'https://uploads-master.aws.bengalmeat.com/media/cattle-image/2025/BLF_4743_4.jpg'}]",0.0,6 Months,2,0,43.2,J-lXjD8s6BI,275.0,175000.00,False,True,True,True,True,MINIMUM,https://uploads-master.aws.bengalmeat.com/media/cattle-thumbnail/2025/BLF_4743_1.jpg,2025-05-02T09:15:54.314259+06:00,AVAILABLE
779d17a6-cd0a-4ab5-9fa1-5a5a6182a490,BLF 4794,COW,MALE_BULL,RED,LOCAL,['GRASS_GRAIN_FED'],2 Years,"[{'id': '24ad27cf-3200-4a23-ab7b-e5dccff37891', 'image': 'https://uploads-master.aws.bengalmeat.com/media/cattle-image/2025/BLF_4794_2.jpg'}, {'id': 'af66c1d6-30ee-4148-bfd0-b9e5016d8df4', 'image': 'https://uploads-master.aws.bengalmeat.com/media/cattle-image/2025/BLF_4794_3.jpg'}, {'id': 'f5f15411-ac58-4c41-b77e-5ab46e496dc5', 'image': 'https://uploads-master.aws.bengalmeat.com/media/cattle-image/2025/BLF_4794_4.jpg'}]",0.0,6 Months,2,0,42.8,VwOageJrJVI,230.0,149000.00,False,True,True,True,True,MINIMUM,https://uploads-master.aws.bengalmeat.com/media/cattle-thumbnail/2025/BLF_4794_1.jpg,2025-04-30T08:24:19.634683+06:00,ORDERED
fb450587-91e3-44be-9008-0e3fc1273522,BLF 4637,COW,MALE_BULL,RED,LOCAL,['GRASS_GRAIN_FED'],2 Years,"[{'id': '890322ba-3c06-440e-aae7-b3c33fd811f2', 'image': 'https://uploads-master.aws.bengalmeat.com/media/cattle-image/2025/BLF_4637_2_s2Huxzz.jpg'}, {'id': 'a2dfde6f-3287-4ad9-982e-28a641525682', 'image': 'https://uploads-master.aws.bengalmeat.com/media/cattle-image/2025/BLF_4637_3_npUi9ie.jpg'}, {'id': '0fdb02ac-0aa5-4bc7-bcaa-b00e17eb4641', 'image': 'https://uploads-master.aws.bengalmeat.com/media/cattle-image/2025/BLF_4637_4_fTkcTAk.jpg'}]",0.0,6 Months,2,0,41.5,8fhqCL82DG4,252.0,161000.00,False,True,True,True,True,MINIMUM,https://uploads-master.aws.bengalmeat.com/media/cattle-thumbnail/2025/BLF_4637_1_Wm6lQxK.jpg,2025-04-23T16:22:19.639417+06:00,AVAILABLE
d7deb2a6-7953-490d-ba2a-1629e817e764,BLF 4609,COW,MALE_BULL,NON_RED,LOCAL,['GRASS_FED_GRASS_FINISHED'],2 Years,"[{'id': '1e6dc3c1-7819-4c9e-b350-e1d50e1e8733', 'image': 'https://uploads-master.aws.bengalmeat.com/media/cattle-image/2025/BLF_4609_2.jpg'}, {'id': '72bc149d-ba56-4d39-b9ac-c91ea817b234', 'image': 'https://uploads-master.aws.bengalmeat.com/media/cattle-image/2025/BLF_4609_3.jpg'}, {'id': 'd0f98acc-3b73-4be5-8bac-d4f22f1811b9', 'image': 'https://uploads-master.aws.bengalmeat.com/media/cattle-image/2025/BLF_4609_4.jpg'}]",0.0,6 Months,2,0,44.0,hiwqs5o2Eos,255.0,162000.00,False,True,True,True,True,MINIMUM,https://uploads-master.aws.bengalmeat.com/media/cattle-thumbnail/2025/BLF_4609_1.jpg,2025-05-01T19:28:40.522303+06:00,AVAILABLE
e3fd4249-18b0-43d6-94bd-fff1ba98e6a5,BLF 4782,COW,MALE_BULL,RED,SAHIWAL,['GRASS_GRAIN_FED'],2 Years,"[{'id': 'b5eb458e-454f-420f-aed9-d3bba5eb13ed', 'image': 'https://uploads-master.aws.bengalmeat.com/media/cattle-image/2025/BLF_4782_2.jpg'}, {'id': 'f52c366b-337b-4820-9e21-bd78315f5755', 'image': 'https://uploads-master.aws.bengalmeat.com/media/cattle-image/2025/BLF_4782_3.jpg'}, {'id': '9a087786-6d31-402a-98a1-531274b53e5e', 'image': 'https://uploads-master.aws.bengalmeat.com/media/cattle-image/2025/BLF_4782_4.jpg'}]",0.0,6 Months,2,0,45.6,CkcO23JXMMk,269.0,172000.00,False,True,True,True,True,MEDIUM,https://uploads-master.aws.bengalmeat.com/media/cattle-thumbnail/2025/BLF_4782_1.jpg,2025-04-30T08:15:35.339272+06:00,AVAILABLE
74ef648f-6722-4f04-a7cd-08b49f923c0b,BLF 4768,COW,MALE_BULL,RED,LOCAL,['GRASS_GRAIN_FED'],2 Years,"[{'id': 'd0e722c3-e3b2-4e1f-8d56-4839dce773d2', 'image': 'https://uploads-master.aws.bengalmeat.com/media/cattle-image/2025/BLF_4768_2.jpg'}, {'id': 'ee7f3da3-dc48-4854-a4cd-1d27059a1e07', 'image': 'https://uploads-master.aws.bengalmeat.com/media/cattle-image/2025/BLF_4768_3.jpg'}, {'id': 'dcea2645-8d3b-4c1e-89b7-09b4e205fc71', 'image': 'https://uploads-master.aws.bengalmeat.com/media/cattle-image/2025/BLF_4768_4.jpg'}]",0.0,6 Months,2,0,43.5,4Nrpz_1Nod8,288.0,184000.00,False,True,True,True,True,MINIMUM,https://uploads-master.aws.bengalmeat.com/media/cattle-thumbnail/2025/BLF_4768_1.jpg,2025-04-29T15:51:39.918429+06:00,AVAILABLE
c4eaa058-4f06-4801-b736-5903b40fac56,BLF 4634,COW,MALE_BULL,RED,LOCAL,['GRASS_GRAIN_FED'],2 Years,"[{'id': 'fe04b32d-2442-4f0e-b558-8e220d05d879', 'image': 'https://uploads-master.aws.bengalmeat.com/media/cattle-image/2025/BLF_4634_2.jpg'}, {'id': '51a18a53-d489-4314-ad2f-77771561e8ef', 'image': 'https://uploads-master.aws.bengalmeat.com/media/cattle-image/2025/BLF_4634_3.jpg'}, {'id': '687f285f-cd65-4be2-90be-5c0b852d7827', 'image': 'https://uploads-master.aws.bengalmeat.com/media/cattle-image/2025/BLF_4634_4.jpg'}]",0.0,6 Months,2,0,42.0,WXTN3Ou7Vr4,281.0,178000.00,False,True,True,True,True,MINIMUM,https://uploads-master.aws.bengalmeat.com/media/cattle-thumbnail/2025/BLF_4634_1.jpg,2025-04-23T16:18:48.757076+06:00,AVAILABLE
f03e369a-474d-43a2-b9f6-8d03dc262a25,BLF 4620,COW,MALE_BULL,RED,SAHIWAL,['GRASS_FED_GRASS_FINISHED'],2.5 Years,"[{'id': '036b583a-de45-448b-b3c7-cb4d21711ea0', 'image': 'https://uploads-master.aws.bengalmeat.com/media/cattle-image/2025/BLF_4620_2_iFeUQ6M.jpg'}, {'id': '2c6c7a11-a3f9-415e-8971-c3766411b4fa', 'image': 'https://uploads-master.aws.bengalmeat.com/media/cattle-image/2025/BLF_4620_3_oqopTuo.jpg'}, {'id': 'fab804af-b482-4768-b0ef-b19a3d87295a', 'image': 'https://uploads-master.aws.bengalmeat.com/media/cattle-image/2025/BLF_4620_4_PHx7lgf.jpg'}]",0.0,6 Months,4,0,50.0,w9firyfS2Hw,460.0,299000.00,True,True,True,True,True,MEDIUM,https://uploads-master.aws.bengalmeat.com/media/cattle-thumbnail/2025/BLF_4620_1_PVQ2arg.jpg,2025-04-23T14:50:46.014415+06:00,AVAILABLE
d62f9b72-5e78-477c-9aba-e47feb8e4916,BLF 4807,COW,MALE_BULL,NON_RED,LOCAL,['GRASS_GRAIN_FED'],2 Years,"[{'id': 'c88e7035-16bf-49ae-84e5-0dd4af56ef91', 'image': 'https://uploads-master.aws.bengalmeat.com/media/cattle-image/2025/BLF_4807_2.jpg'}, {'id': '14f20420-4491-419a-81c3-fa32db3cd338', 'image': 'https://uploads-master.aws.bengalmeat.com/media/cattle-image/2025/BLF_4807_3.jpg'}, {'id': '136faff1-bb6e-4f46-865a-57b9096566bd', 'image': 'https://uploads-master.aws.bengalmeat.com/media/cattle-image/2025/BLF_4807_4.jpg'}]",0.0,6 Months,2,0,47.0,AU9iE05xvzo,354.0,221000.00,False,True,True,True,True,MEDIUM,https://uploads-master.aws.bengalmeat.com/media/cattle-thumbnail/2025/BLF_4807_1.jpg,2025-04-30T11:42:29.586548+06:00,AVAILABLE
4a8f7d2e-b0cd-4132-9a14-f27276f2a443,BLF 4803,COW,MALE_BULL,CROSS_RED,LOCAL,['GRASS_GRAIN_FED'],2 Years,"[{'id': '7231ace6-5276-4561-aeb1-00a0ed51aaf2', 'image': 'https://uploads-master.aws.bengalmeat.com/media/cattle-image/2025/BLF_4803_2.jpg'}, {'id': '77c5a850-a95c-4f28-88d0-28eaace7323d', 'image': 'https://uploads-master.aws.bengalmeat.com/media/cattle-image/2025/BLF_4803_3.jpg'}, {'id': '2b88eed2-a6ec-431d-90bb-4453d3d6b4d0', 'image': 'https://uploads-master.aws.bengalmeat.com/media/cattle-image/2025/BLF_4803_4.jpg'}]",0.0,6 Months,2,0,35.9,5MBdkZLnD-s,169.0,109000.00,False,True,True,True,True,MINIMUM,https://uploads-master.aws.bengalmeat.com/media/cattle-thumbnail/2025/BLF_4803_1.jpg,2025-04-30T08:28:32.091371+06:00,ORDERED
89777df9-1057-4f43-8afb-968a174e808e,BLF 4618,COW,MALE_BULL,RED,LOCAL,['GRASS_GRAIN_FED'],2 Years,"[{'id': '079c1386-96d7-448b-85da-b504c1dc43b1', 'image': 'https://uploads-master.aws.bengalmeat.com/media/cattle-image/2025/BLF_4618_2_zSUT5os.jpg'}, {'id': '02e72338-b1f1-4e36-8649-a9f57a1c2abd', 'image': 'https://uploads-master.aws.bengalmeat.com/media/cattle-image/2025/BLF_4618_3_6yUFA4l.jpg'}, {'id': '57e614b1-cfd9-4337-ba1a-33b206623116', 'image': 'https://uploads-master.aws.bengalmeat.com/media/cattle-image/2025/BLF_4618_4_m8KI9Wp.jpg'}]",0.0,6 Months,2,0,41.0,6DkhTvjSMOs,250.0,160000.00,True,True,True,True,True,MINIMUM,https://uploads-master.aws.bengalmeat.com/media/cattle-thumbnail/2025/BLF_4618_1_pxSeApS.jpg,2025-04-23T14:47:12.064695+06:00,AVAILABLE
76b9b68b-1267-4b5d-a8ac-d0992f5f4873,BLF 4793,COW,MALE_BULL,RED,LOCAL,['GRASS_GRAIN_FED'],2.5 Years,"[{'id': 'cf0e4351-e0dd-4cfb-8127-89a81104ee99', 'image': 'https://uploads-master.aws.bengalmeat.com/media/cattle-image/2025/BLF_4793_2.jpg'}, {'id': '8a79dae4-f7f5-4023-b55b-1678945c36c2', 'image': 'https://uploads-master.aws.bengalmeat.com/media/cattle-image/2025/BLF_4793_3.jpg'}, {'id': 'f390e3a3-e86c-48f0-a52b-d1eb4084e058', 'image': 'https://uploads-master.aws.bengalmeat.com/media/cattle-image/2025/BLF_4793_4.jpg'}]",0.0,6 Months,4,0,43.1,n8OYwS5QMxs,259.0,165000.00,False,True,True,True,True,MINIMUM,https://uploads-master.aws.bengalmeat.com/media/cattle-thumbnail/2025/BLF_4793_1.jpg,2025-04-30T08:22:55.310619+06:00,AVAILABLE
bdfb1835-1160-4b18-95e9-a99484080e18,BLF 4745,COW,MALE_BULL,RED,LOCAL,['GRASS_GRAIN_FED'],2 Years,"[{'id': '3e3fdd43-397e-4543-be90-7d944f026977', 'image': 'https://uploads-master.aws.bengalmeat.com/media/cattle-image/2025/BLF_4745_2.jpg'}, {'id': 'ca6a0b7d-296d-46a5-9932-7468a7453d00', 'image': 'https://uploads-master.aws.bengalmeat.com/media/cattle-image/2025/BLF_4745_3.jpg'}, {'id': '937c42bd-26b5-429e-8889-2919be10e72d', 'image': 'https://uploads-master.aws.bengalmeat.com/media/cattle-image/2025/BLF_4745_4.jpg'}]",0.0,6 Months,2,0,43.1,u4v3M7eo2BA,254.0,162000.00,False,True,True,True,True,MINIMUM,https://uploads-master.aws.bengalmeat.com/media/cattle-thumbnail/2025/BLF_4745_1.jpg,2025-05-02T09:19:39.793018+06:00,AVAILABLE
5b587e0e-98e1-43ec-a8ea-78c6e0eef364,BLF 4792,COW,MALE_BULL,NON_RED,LOCAL,['GRASS_GRAIN_FED'],2 Years,"[{'id': '66b6ed9d-8b7e-46c0-8fd5-0d762051fdca', 'image': 'https://uploads-master.aws.bengalmeat.com/media/cattle-image/2025/BLF_4792_2.jpg'}, {'id': '9da31673-e399-4627-b2d5-520a36886272', 'image': 'https://uploads-master.aws.bengalmeat.com/media/cattle-image/2025/BLF_4792_3.jpg'}, {'id': '5573c5b2-6099-4ced-acda-dc0cbe766853', 'image': 'https://uploads-master.aws.bengalmeat.com/media/cattle-image/2025/BLF_4792_4.jpg'}]",0.0,6 Months,2,0,43.1,yJz4R2U2Fv0,264.0,165000.00,False,True,True,True,True,MINIMUM,https://uploads-master.aws.bengalmeat.com/media/cattle-thumbnail/2025/BLF_4792_1.jpg,2025-04-30T08:21:18.526370+06:00,AVAILABLE
3132651b-21e2-4268-9b51-bfa74f68652c,BLF 4800,COW,MALE_BULL,NON_RED,LOCAL,['GRASS_GRAIN_FED'],2 Years,"[{'id': '727630e4-a782-41db-98ff-ab25f0559a6f', 'image': 'https://uploads-master.aws.bengalmeat.com/media/cattle-image/2025/BLF_4800_2.jpg'}, {'id': 'c95a193d-2e27-486d-aa34-3237e2e7462c', 'image': 'https://uploads-master.aws.bengalmeat.com/media/cattle-image/2025/BLF_4800_3.jpg'}, {'id': '8e7e21b9-18fd-4364-adc3-8f070c2d5716', 'image': 'https://uploads-master.aws.bengalmeat.com/media/cattle-image/2025/BLF_4800_4.jpg'}]",0.0,6 Months,2,0,43.1,g_ATuTdEwe0,265.0,169000.00,False,True,True,True,True,MINIMUM,https://uploads-master.aws.bengalmeat.com/media/cattle-thumbnail/2025/BLF_4800_1.jpg,2025-04-30T08:25:39.976568+06:00,AVAILABLE
15181aff-ec8b-456e-a7b9-06cf080a024c,BLF 4633,COW,MALE_BULL,RED,LOCAL,['GRASS_GRAIN_FED'],2 Years,"[{'id': 'd12ca0ce-fdef-4e54-b0a8-e464e7d84b27', 'image': 'https://uploads-master.aws.bengalmeat.com/media/cattle-image/2025/BLF_4633_2.jpg'}, {'id': 'f43d3b88-98e3-493d-8f08-5e0b9bc0a445', 'image': 'https://uploads-master.aws.bengalmeat.com/media/cattle-image/2025/BLF_4633_3.jpg'}, {'id': '02de631b-ccb4-420d-a983-9cc3b8d468af', 'image': 'https://uploads-master.aws.bengalmeat.com/media/cattle-image/2025/BLF_4633_4.jpg'}]",0.0,3 Months,2,0,43.11,amUx5t143W0,254.0,165000.00,False,True,True,True,True,MINIMUM,https://uploads-master.aws.bengalmeat.com/media/cattle-thumbnail/2025/BLF_4633.jpg,2025-04-23T16:17:44.418387+06:00,AVAILABLE
272d75eb-bd93-4d40-8705-f7e677bc46e4,BLF 4627,COW,MALE_BULL,RED,LOCAL,['GRASS_GRAIN_FED'],2 Years,"[{'id': 'cebda5d7-b7b6-4eb1-9143-39e1aad0e9ec', 'image': 'https://uploads-master.aws.bengalmeat.com/media/cattle-image/2025/BLF_4627_2.jpg'}, {'id': '3863e648-ec79-4c68-b65f-d5736f24c8c3', 'image': 'https://uploads-master.aws.bengalmeat.com/media/cattle-image/2025/BLF_4627_3.jpg'}, {'id': '62f3cf85-0494-4760-b48f-4d624c55334c', 'image': 'https://uploads-master.aws.bengalmeat.com/media/cattle-image/2025/BLF_4627.jpg'}]",0.0,6 Months,2,0,42.3,E0lgOB450as,262.0,167000.00,False,True,True,True,True,MINIMUM,https://uploads-master.aws.bengalmeat.com/media/cattle-thumbnail/2025/BLF_4627_1.jpg,2025-04-23T15:00:51.147763+06:00,AVAILABLE
874e5d27-c15b-4813-93e6-7ae39583aeab,BLF 4790,COW,MALE_BULL,RED,LOCAL,['GRASS_GRAIN_FED'],2.5 Years,"[{'id': '10460271-9ec7-470f-b8f4-99d5590d04e4', 'image': 'https://uploads-master.aws.bengalmeat.com/media/cattle-image/2025/BLF_4790_2.jpg'}, {'id': 'b31ffe2f-b8e2-424e-b4a5-6f28820b81d5', 'image': 'https://uploads-master.aws.bengalmeat.com/media/cattle-image/2025/BLF_4790_3.jpg'}, {'id': 'bc1a8257-65b3-4a9a-8839-05e4d6ef5c22', 'image': 'https://uploads-master.aws.bengalmeat.com/media/cattle-image/2025/BLF_4790_4.jpg'}]",0.0,6 Months,4,0,44.3,Q4R1pmNZLoA,338.0,215000.00,False,True,True,True,True,MINIMUM,https://uploads-master.aws.bengalmeat.com/media/cattle-thumbnail/2025/BLF_4790_1.jpg,2025-04-30T08:17:28.140149+06:00,AVAILABLE
865a853d-4c47-4d2d-9091-b27fcb6e3003,BLF 4746,COW,MALE_BULL,NON_RED,HOSTINE_CROSS,['GRASS_GRAIN_FED'],2 Years,"[{'id': 'e8b0de91-80d5-452c-a40e-91d13b9c0dd2', 'image': 'https://uploads-master.aws.bengalmeat.com/media/cattle-image/2025/BLF_4746_2.jpg'}, {'id': 'cbb13656-ade4-40d3-860d-b2e207c35a89', 'image': 'https://uploads-master.aws.bengalmeat.com/media/cattle-image/2025/BLF_4746_3.jpg'}, {'id': '5229a0ad-388b-4da8-846c-1022cf510690', 'image': 'https://uploads-master.aws.bengalmeat.com/media/cattle-image/2025/BLF_4746_4.jpg'}]",0.0,6 Months,2,0,44.3,LyK8PZ1CWWY,260.0,165000.00,False,True,True,True,True,MINIMUM,https://uploads-master.aws.bengalmeat.com/media/cattle-thumbnail/2025/BLF_4746_1.jpg,2025-05-02T09:22:45.058697+06:00,AVAILABLE
1b172404-50c1-4190-9fdd-4e7624ae09b9,BLF 4626,COW,MALE_BULL,RED,LOCAL,['GRASS_FED_GRASS_FINISHED'],2 Years,"[{'id': '8e9857aa-88b5-450b-b540-0f26ec585b86', 'image': 'https://uploads-master.aws.bengalmeat.com/media/cattle-image/2025/BLF_4626_2.jpg'}, {'id': '358679df-f4cf-44b8-8201-3e9cb2b8fa61', 'image': 'https://uploads-master.aws.bengalmeat.com/media/cattle-image/2025/BLF_4626_3.jpg'}, {'id': '2f6027df-4423-4dc0-ba03-0ed3ae93e4dc', 'image': 'https://uploads-master.aws.bengalmeat.com/media/cattle-image/2025/BLF_4626_4.jpg'}]",0.0,6 Months,2,0,43.0,BT7zxD1j2XM,300.0,189000.00,False,True,True,True,True,MINIMUM,https://uploads-master.aws.bengalmeat.com/media/cattle-thumbnail/2025/BLF_4626.jpg,2025-04-23T14:59:19.019520+06:00,AVAILABLE
12c97ec1-d3d8-4701-a4b3-1d2741ba9d1a,BLF 4632,COW,MALE_BULL,RED,RED_CHITTAGONG,['GRASS_GRAIN_FED'],2 Years,"[{'id': 'cd073a1d-f208-4c8a-8da5-a6db81fca730', 'image': 'https://uploads-master.aws.bengalmeat.com/media/cattle-image/2025/BLF_4632_2.jpg'}, {'id': '812edda6-1736-40d4-92d4-25c9d191e0f6', 'image': 'https://uploads-master.aws.bengalmeat.com/media/cattle-image/2025/BLF_4632_3.jpg'}, {'id': 'b0f58c8d-fa00-417d-bcb7-f9a5bc4153a5', 'image': 'https://uploads-master.aws.bengalmeat.com/media/cattle-image/2025/BLF_4632_4.jpg'}]",0.0,6 Months,2,0,40.0,ZUFC8F3SioI,250.0,162000.00,True,True,True,True,True,MINIMUM,https://uploads-master.aws.bengalmeat.com/media/cattle-thumbnail/2025/BLF_4632.jpg,2025-04-23T16:16:27.049411+06:00,AVAILABLE
8107b87e-a336-43b2-872c-6307748cb670,BLF 4801,COW,MALE_BULL,NON_RED,LOCAL,['GRASS_GRAIN_FED'],2 Years,"[{'id': '910fb47a-1acd-4791-baa3-8e7dec54f17a', 'image': 'https://uploads-master.aws.bengalmeat.com/media/cattle-image/2025/BLF_4801_2.jpg'}, {'id': '2db038db-cdae-4fe2-a440-8f5493033f87', 'image': 'https://uploads-master.aws.bengalmeat.com/media/cattle-image/2025/BLF_4801_3.jpg'}, {'id': '48487bda-d859-4329-996a-b5f0607edfbb', 'image': 'https://uploads-master.aws.bengalmeat.com/media/cattle-image/2025/BLF_4801_4.jpg'}]",0.0,6 Months,2,0,45.11,KJ6gdQ2TRMQ,328.0,207000.00,False,True,True,True,True,MEDIUM,https://uploads-master.aws.bengalmeat.com/media/cattle-thumbnail/2025/BLF_4801_1.jpg,2025-04-30T08:27:07.869937+06:00,AVAILABLE
c364faf0-c18c-491a-86d8-a8c00e6e2bd0,BLF 4830,COW,MALE_BULL,RED,LOCAL,['GRASS_GRAIN_FED'],2 Years,"[{'id': '7937632f-51e1-44fe-9c2d-2c2453f1b3fc', 'image': 'https://uploads-master.aws.bengalmeat.com/media/cattle-image/2025/BLF_4830_2.jpg'}, {'id': 'daab9859-f80d-4129-9941-f5883c401f8e', 'image': 'https://uploads-master.aws.bengalmeat.com/media/cattle-image/2025/BLF_4830_3.jpg'}, {'id': 'abd8ee34-f744-4b8b-8663-0f38f65eef06', 'image': 'https://uploads-master.aws.bengalmeat.com/media/cattle-image/2025/BLF_4830_4.jpg'}]",0.0,6 Months,2,0,45.6,SVBYPceQHME,294.0,188000.00,False,True,True,True,True,MEDIUM,https://uploads-master.aws.bengalmeat.com/media/cattle-thumbnail/2025/BLF_4830_1.jpg,2025-04-30T12:01:51.388499+06:00,AVAILABLE
a6442a47-9b73-4521-b7eb-77d5d501e25a,BLF 4824,COW,MALE_BULL,RED,HOSTINE_CROSS,['GRASS_GRAIN_FED'],2.5 Years,"[{'id': 'eb0e6e52-abcd-4a34-bd4a-cfbdb0551338', 'image': 'https://uploads-master.aws.bengalmeat.com/media/cattle-image/2025/BLF_4824_2.jpg'}, {'id': '417b0e26-a775-4776-8365-41dafe161796', 'image': 'https://uploads-master.aws.bengalmeat.com/media/cattle-image/2025/BLF_4824_3.jpg'}, {'id': 'af9aaeb4-cd78-4d03-b09e-9510da590178', 'image': 'https://uploads-master.aws.bengalmeat.com/media/cattle-image/2025/BLF_4824_4.jpg'}]",0.0,6 Months,4,0,51.1,4wuvb5YJWfE,356.0,223000.00,True,True,True,True,True,MEDIUM,https://uploads-master.aws.bengalmeat.com/media/cattle-thumbnail/2025/BLF_4824_1.jpg,2025-04-30T11:57:59.814645+06:00,AVAILABLE
d94eb71c-0735-4a9d-b93f-e8eb15858663,BLF 4617,COW,MALE_BULL,RED,LOCAL,['GRASS_GRAIN_FED'],2 Years,"[{'id': 'd3d2aa06-7aae-436e-8925-fc7823a24acb', 'image': 'https://uploads-master.aws.bengalmeat.com/media/cattle-image/2025/BLF_4617_2_OLM4yK0.jpg'}, {'id': 'ee94a10c-60fb-4bb9-9fb4-dbc89a63ecae', 'image': 'https://uploads-master.aws.bengalmeat.com/media/cattle-image/2025/BLF_4617_3_8bBLJuT.jpg'}, {'id': '134cc329-0994-4715-9a1f-484e476389b4', 'image': 'https://uploads-master.aws.bengalmeat.com/media/cattle-image/2025/BLF_4617_2_EdTkM2i.jpg'}]",0.0,6 Months,2,0,45.5,LxBgMu3zS8Y,255.0,163000.00,False,True,True,True,True,MEDIUM,https://uploads-master.aws.bengalmeat.com/media/cattle-thumbnail/2025/BLF_4617_1_HBbXoQy.jpg,2025-04-23T14:45:47.723121+06:00,AVAILABLE
fe5a3741-31e8-490a-84ce-4d275d4a0fec,BLF 4762,COW,MALE_BULL,NON_RED,LOCAL,['GRASS_GRAIN_FED'],2 Years,"[{'id': 'a6feb26b-9a86-471c-94a5-861b60338619', 'image': 'https://uploads-master.aws.bengalmeat.com/media/cattle-image/2025/BLF_4762_2.jpg'}, {'id': 'efc1ac44-ad62-45d9-bfdc-a611bc229ee9', 'image': 'https://uploads-master.aws.bengalmeat.com/media/cattle-image/2025/BLF_4762_3.jpg'}, {'id': '1d0e878a-36f3-4fba-9d52-aaebb9b29e76', 'image': 'https://uploads-master.aws.bengalmeat.com/media/cattle-image/2025/BLF_4762_4.jpg'}]",0.0,6 Months,2,0,42.3,j8wC9cnzfmw,265.0,169000.00,False,True,True,True,True,MINIMUM,https://uploads-master.aws.bengalmeat.com/media/cattle-thumbnail/2025/BLF_4762_1.jpg,2025-04-29T12:37:58.288203+06:00,AVAILABLE
ee1ca12b-b148-4208-b431-86d8f99cfb08,BLF 4602,COW,MALE_BULL,NON_RED,LOCAL,['GRASS_GRAIN_FED'],2.5 Years,"[{'id': 'aebd12ec-c9ac-4cbb-8c48-143d9d61aebc', 'image': 'https://uploads-master.aws.bengalmeat.com/media/cattle-image/2025/BLF_4602_2_7Wi5VfR.jpg'}, {'id': 'd7d26fd2-bb0d-4659-b117-f6e8bf44fdee', 'image': 'https://uploads-master.aws.bengalmeat.com/media/cattle-image/2025/BLF_4602_3_9SGtjMN.jpg'}, {'id': 'ad505090-9bef-4a5b-a38b-234006fd30b0', 'image': 'https://uploads-master.aws.bengalmeat.com/media/cattle-image/2025/BLF_4602_3_YAvUH7R.jpg'}]",0.0,6 Months,4,0,42.0,T-HmPS0ASQI,255.0,162000.00,False,True,True,True,True,MINIMUM,https://uploads-master.aws.bengalmeat.com/media/cattle-thumbnail/2025/BLF_4602_1_N0QSQNy.jpg,2025-04-23T14:23:55.924689+06:00,AVAILABLE
12648aec-30e7-44cb-a375-1238ed7df641,BLF 4825,COW,MALE_BULL,RED,LOCAL,['GRASS_GRAIN_FED'],2 Years,"[{'id': '7b96b262-a508-4306-a210-02205d430929', 'image': 'https://uploads-master.aws.bengalmeat.com/media/cattle-image/2025/BLF_4825_2.jpg'}, {'id': '2980ddc7-af58-4c93-9505-ce92ad0bd852', 'image': 'https://uploads-master.aws.bengalmeat.com/media/cattle-image/2025/BLF_4825_3.jpg'}, {'id': 'ed42cb84-89a2-4f62-aaa0-8df8422693a1', 'image': 'https://uploads-master.aws.bengalmeat.com/media/cattle-image/2025/BLF_4825_4.jpg'}]",0.0,6 Months,2,0,43.5,Xj8RXeKT9R4,290.0,186000.00,False,True,True,True,True,MINIMUM,https://uploads-master.aws.bengalmeat.com/media/cattle-thumbnail/2025/BLF_4825_1_R8UkEFC.jpg,2025-04-30T12:00:08.857399+06:00,AVAILABLE
2b047732-fd08-4a32-8e72-23da1d6c09cd,BLF 4827,COW,MALE_BULL,RED,LOCAL,['GRASS_GRAIN_FED'],2 Years,"[{'id': '59f9409a-b87a-45d7-b456-acd104a3a238', 'image': 'https://uploads-master.aws.bengalmeat.com/media/cattle-image/2025/BLF_4827_2.jpg'}, {'id': '2043004d-f2a7-4631-84a8-dd4280ab3c37', 'image': 'https://uploads-master.aws.bengalmeat.com/media/cattle-image/2025/BLF_4827_3.jpg'}, {'id': '4e3b2e46-910a-4951-a660-21b1935b6111', 'image': 'https://uploads-master.aws.bengalmeat.com/media/cattle-image/2025/BLF_4827_4.jpg'}]",0.0,6 Months,2,0,45.0,Q_KUdJRlyJc,308.0,196000.00,False,True,True,True,True,MEDIUM,https://uploads-master.aws.bengalmeat.com/media/cattle-thumbnail/2025/BLF_4827_1.jpg,2025-04-30T11:46:40.925657+06:00,AVAILABLE
731a9fcd-39e6-4b77-9975-fc4a86fb2cd8,BLF 4614,COW,MALE_BULL,NON_RED,LOCAL,['GRASS_GRAIN_FED'],2 Years,"[{'id': 'eef70cab-7246-48a0-a7da-863c7260e854', 'image': 'https://uploads-master.aws.bengalmeat.com/media/cattle-image/2025/BLF_4614.jpg'}, {'id': 'aa18be2e-8df5-4e7a-98f5-b5acc71540cf', 'image': 'https://uploads-master.aws.bengalmeat.com/media/cattle-image/2025/BLF_4614_3_DN9ThOR.jpg'}, {'id': '72da1503-e3c7-4e27-abd0-40c159bd712f', 'image': 'https://uploads-master.aws.bengalmeat.com/media/cattle-image/2025/BLF_4614_4_GIeZuz6.jpg'}]",0.0,6 Months,2,0,41.6,BQLFRFq5BLA,257.0,163000.00,False,True,True,True,True,MINIMUM,https://uploads-master.aws.bengalmeat.com/media/cattle-thumbnail/2025/BLF_4614_1_ZlBwU89.jpg,2025-04-23T14:43:04.386989+06:00,AVAILABLE
ffdb86a7-f646-4a71-8d32-0c75c8de1795,BLF 4774,COW,MALE_BULL,RED,LOCAL,['GRASS_GRAIN_FED'],2.5 Years,"[{'id': '55852b10-0476-4c67-8031-843d4fe5e574', 'image': 'https://uploads-master.aws.bengalmeat.com/media/cattle-image/2025/BLF_4774_2.jpg'}, {'id': '8e318fcc-6df6-4b41-b5e0-7f0dffdcb5c7', 'image': 'https://uploads-master.aws.bengalmeat.com/media/cattle-image/2025/BLF_4774_3.jpg'}, {'id': '79a4279f-406b-478a-bacd-a79aebddbdba', 'image': 'https://uploads-master.aws.bengalmeat.com/media/cattle-image/2025/BLF_4774_4.jpg'}]",0.0,6 Months,4,0,42.8,_H6bbwUek-4,269.0,172000.00,False,True,True,True,True,MINIMUM,https://uploads-master.aws.bengalmeat.com/media/cattle-thumbnail/2025/BLF_4774_1.jpg,2025-04-29T16:38:04.513284+06:00,AVAILABLE
78dcbd76-8986-4db3-9a73-43c1f3938856,BLF 4775,COW,MALE_BULL,NON_RED,LOCAL,['GRASS_GRAIN_FED'],2.5 Years,"[{'id': '1422efb0-a8df-4e0a-a034-f93f9bd02e54', 'image': 'https://uploads-master.aws.bengalmeat.com/media/cattle-image/2025/BLF_4775_2.jpg'}, {'id': '3c652633-104b-40a7-9d0a-cf08c4b8b54f', 'image': 'https://uploads-master.aws.bengalmeat.com/media/cattle-image/2025/BLF_4775_3.jpg'}, {'id': '2c9b14e0-f7af-424c-8587-7ab051ddc8f8', 'image': 'https://uploads-master.aws.bengalmeat.com/media/cattle-image/2025/BLF_4775_4.jpg'}]",0.0,6 Months,4,0,43.2,UYKVgoiEbVY,272.0,173000.00,False,True,True,True,True,MINIMUM,https://uploads-master.aws.bengalmeat.com/media/cattle-thumbnail/2025/BLF_4775_1.jpg,2025-04-29T16:40:06.352182+06:00,AVAILABLE
074654a2-3a45-48dd-9e1b-16a419cd5b8d,BLF 4601,COW,MALE_BULL,RED,LOCAL,['GRASS_GRAIN_FED'],2 Years,"[{'id': '0f5c8c8b-b954-4330-b2f6-1ec3541ba71a', 'image': 'https://uploads-master.aws.bengalmeat.com/media/cattle-image/2025/BLF_4601_2_pOIxV10.jpg'}, {'id': '76c6ff0f-a7bd-467c-9e09-c5467091a919', 'image': 'https://uploads-master.aws.bengalmeat.com/media/cattle-image/2025/BLF_4601_3_m1mrXM4.jpg'}, {'id': 'c6d9681b-ad7e-44e2-966e-f806f1d55b97', 'image': 'https://uploads-master.aws.bengalmeat.com/media/cattle-image/2025/BLF_4601_4_nnIuOyJ.jpg'}]",0.0,6 Months,2,0,40.0,CM5lhW7fqOM,269.0,172000.00,False,True,True,True,True,MINIMUM,https://uploads-master.aws.bengalmeat.com/media/cattle-thumbnail/2025/BLF_4601_1_DXBoW2l.jpg,2025-04-23T14:22:32.768797+06:00,AVAILABLE
7996021a-8c25-441c-ba2e-29858be2731d,BLF 4822,COW,MALE_BULL,NON_RED,LOCAL,['GRASS_GRAIN_FED'],2 Years,"[{'id': 'a94b2e93-05be-4df7-b9bd-0c5684451aba', 'image': 'https://uploads-master.aws.bengalmeat.com/media/cattle-image/2025/BLF_4822_2.jpg'}, {'id': '96488896-4287-4257-aec1-f361581ec698', 'image': 'https://uploads-master.aws.bengalmeat.com/media/cattle-image/2025/BLF_4822_3.jpg'}, {'id': 'a012d0ea-ed85-4d43-bec7-d4183b9d02d7', 'image': 'https://uploads-master.aws.bengalmeat.com/media/cattle-image/2025/BLF_4822_4.jpg'}]",0.0,6 Months,2,0,48.6,tz7CLEX3Gn0,358.0,225000.00,False,True,True,True,True,MEDIUM,https://uploads-master.aws.bengalmeat.com/media/cattle-thumbnail/2025/BLF_4822_1.jpg,2025-04-30T11:43:37.860823+06:00,AVAILABLE
a8b52360-0c97-42b7-a0b3-cac55080ff1a,BLF 4758,COW,MALE_BULL,NON_RED,HOSTINE_CROSS,['GRASS_GRAIN_FED'],2 Years,"[{'id': '50732f6d-047f-4b83-a05b-534b4e29bd9e', 'image': 'https://uploads-master.aws.bengalmeat.com/media/cattle-image/2025/BLF_4758_2.jpg'}, {'id': 'af16262b-843d-4eeb-8e72-baa81c55b1d2', 'image': 'https://uploads-master.aws.bengalmeat.com/media/cattle-image/2025/BLF_4758_3.jpg'}, {'id': 'a1890f6e-6a18-47cb-8d16-3827fa2f8a84', 'image': 'https://uploads-master.aws.bengalmeat.com/media/cattle-image/2025/BLF_4758_4.jpg'}]",0.0,6 Months,2,0,52.0,z3d4ej3ru5c,457.0,281000.00,False,True,True,True,True,MINIMUM,https://uploads-master.aws.bengalmeat.com/media/cattle-thumbnail/2025/BLF_4758_1.jpg,2025-05-02T09:25:40.866230+06:00,AVAILABLE
2aba3ce1-03f1-4a45-921f-88d4f797a295,BLF 4610,COW,MALE_BULL,RED,LOCAL,['GRASS_GRAIN_FED'],2 Years,"[{'id': '9327c748-e933-43ca-8958-53a64d3eeef4', 'image': 'https://uploads-master.aws.bengalmeat.com/media/cattle-image/2025/BLF_4610_2_ptGARUB.jpg'}, {'id': '5e1df1a8-02a0-470f-b269-7b759ea2a11f', 'image': 'https://uploads-master.aws.bengalmeat.com/media/cattle-image/2025/BLF_4610_3_I4LfPw3.jpg'}, {'id': 'b0e91667-d59b-497c-b49b-b5e8951883e7', 'image': 'https://uploads-master.aws.bengalmeat.com/media/cattle-image/2025/BLF_4610_4_F2J2kfy.jpg'}]",0.0,6 Months,2,0,43.0,PC_ax2_ZXrc,280.0,177000.00,False,True,True,True,True,MINIMUM,https://uploads-master.aws.bengalmeat.com/media/cattle-thumbnail/2025/BLF_4610_1_JluRw6r.jpg,2025-04-23T14:35:36.606255+06:00,AVAILABLE
46096d4b-6579-4f5b-8550-17b9d1fa413c,BLF 4604,COW,MALE_BULL,RED,LOCAL,['GRASS_GRAIN_FED'],2 Years,"[{'id': 'fa159651-ff04-48ac-975b-137c021af27b', 'image': 'https://uploads-master.aws.bengalmeat.com/media/cattle-image/2025/BLF_4604_2_cdlc6iq.jpg'}, {'id': '8659ed2b-4294-4368-8ce9-34996d2504c5', 'image': 'https://uploads-master.aws.bengalmeat.com/media/cattle-image/2025/BLF_4604_3_5sZT8ip.jpg'}, {'id': 'cc4769f8-2ab8-4d00-af23-e2b098b7a87e', 'image': 'https://uploads-master.aws.bengalmeat.com/media/cattle-image/2025/BLF_4604_4_gU8oZGk.jpg'}]",0.0,6 Months,2,0,42.2,mPJcwOeM_XA,271.0,174000.00,False,True,True,True,True,MINIMUM,https://uploads-master.aws.bengalmeat.com/media/cattle-thumbnail/2025/BLF_4604.jpg,2025-04-23T14:26:14.084873+06:00,AVAILABLE
eed2402b-4fdc-4e1a-ba5b-4f6d1387c74c,BLF 4823,COW,MALE_BULL,NON_RED,HOSTINE_CROSS,['GRASS_GRAIN_FED'],2 Years,"[{'id': '7ac5c7b6-48f4-4ef5-88fb-fdbb4d7be3e8', 'image': 'https://uploads-master.aws.bengalmeat.com/media/cattle-image/2025/BLF_4823_2.jpg'}, {'id': '53cd968e-c2a3-4b5c-940e-8ded23fc69e6', 'image': 'https://uploads-master.aws.bengalmeat.com/media/cattle-image/2025/BLF_4823_3.jpg'}, {'id': '316eb229-feab-4e31-8d3d-ee8f88431475', 'image': 'https://uploads-master.aws.bengalmeat.com/media/cattle-image/2025/BLF_4823_4.jpg'}]",0.0,6 Months,2,0,47.1,BH8zqHz28yI,362.0,225000.00,False,True,True,True,True,MEDIUM,https://uploads-master.aws.bengalmeat.com/media/cattle-thumbnail/2025/BLF_4823_1.jpg,2025-04-30T11:52:46.527515+06:00,AVAILABLE
53d621c2-0b05-4fc4-8be2-dcd6bcffa982,BLF 4835,COW,MALE_BULL,NON_RED,LOCAL,['GRASS_GRAIN_FED'],2.5 Years,"[{'id': '0fb48682-3e04-42d3-a909-763932593f93', 'image': 'https://uploads-master.aws.bengalmeat.com/media/cattle-image/2025/BLF_4835_2.jpg'}, {'id': 'ce546f8d-04a8-456a-9761-94fcb463f90d', 'image': 'https://uploads-master.aws.bengalmeat.com/media/cattle-image/2025/BLF_4835_3.jpg'}, {'id': 'fc7837ef-5525-422b-b100-191de652ff6c', 'image': 'https://uploads-master.aws.bengalmeat.com/media/cattle-image/2025/BLF_4835_4.jpg'}]",0.0,6 Months,4,0,44.9,pe-JDdBuvw0,321.0,202000.00,False,True,True,True,True,MINIMUM,https://uploads-master.aws.bengalmeat.com/media/cattle-thumbnail/2025/BLF_4835_1.jpg,2025-04-30T12:04:26.123224+06:00,AVAILABLE
cea9be42-0e6f-4b1c-9288-c9e8e9759d9d,BLF 4767,COW,MALE_BULL,RED,LOCAL,['GRASS_GRAIN_FED'],2 Years,"[{'id': '86494df6-2ed7-43cb-be82-b933467be041', 'image': 'https://uploads-master.aws.bengalmeat.com/media/cattle-image/2025/BLF_4767_2.jpg'}, {'id': 'b6825bda-8b19-4f21-a741-d52693e2f555', 'image': 'https://uploads-master.aws.bengalmeat.com/media/cattle-image/2025/BLF_4767_3.jpg'}, {'id': '8938180f-5809-4624-9202-2d4082f74363', 'image': 'https://uploads-master.aws.bengalmeat.com/media/cattle-image/2025/BLF_4767_4.jpg'}]",0.0,6 Months,2,0,44.4,uzz1wWKMnAc,301.0,194000.00,False,True,True,True,True,MINIMUM,https://uploads-master.aws.bengalmeat.com/media/cattle-thumbnail/2025/BLF_4767_1.jpg,2025-04-29T15:50:34.722031+06:00,AVAILABLE
6db183da-938d-494e-a04b-e23153f8ed5f,BLF 4798,COW,MALE_BULL,RED,LOCAL,['GRASS_GRAIN_FED'],2.5 Years,"[{'id': 'a79940d8-3437-41c8-96df-03a8cf20c2d2', 'image': 'https://uploads-master.aws.bengalmeat.com/media/cattle-image/2025/BLF_4798_2.jpg'}, {'id': '014a4fb5-300b-435e-b838-b9d2ec59b901', 'image': 'https://uploads-master.aws.bengalmeat.com/media/cattle-image/2025/BLF_4798_3.jpg'}, {'id': '0dc10aa9-b2f2-4730-b00a-7b112d2416ce', 'image': 'https://uploads-master.aws.bengalmeat.com/media/cattle-image/2025/BLF_4798_4.jpg'}]",0.0,6 Months,4,0,52.3,jdyVrfllR1E,500.0,320000.00,False,True,True,True,True,LARGE,https://uploads-master.aws.bengalmeat.com/media/cattle-thumbnail/2025/BLF_4798_1.jpg,2025-04-24T16:41:30.791434+06:00,AVAILABLE
02ab6d21-ebb6-4c4f-8733-abe52bf0880b,BLF 4607,COW,MALE_BULL,RED,LOCAL,['GRASS_GRAIN_FED'],2.5 Years,"[{'id': 'bc8cf2e6-8523-4cf7-99ad-c94c8b7c775d', 'image': 'https://uploads-master.aws.bengalmeat.com/media/cattle-image/2025/BLF_4607_2_CGXNr8e.jpg'}, {'id': '64613599-92fe-4f3a-a4f3-5f237f4ebde0', 'image': 'https://uploads-master.aws.bengalmeat.com/media/cattle-image/2025/BLF_4607_3_nPWSH8b.jpg'}, {'id': 'd7c8b0bd-4a6e-4797-99e3-04d7ab933893', 'image': 'https://uploads-master.aws.bengalmeat.com/media/cattle-image/2025/BLF_4607_2_To8HCb2.jpg'}]",0.0,6 Months,4,0,42.4,csqFf9PIx8E,254.0,163000.00,False,True,True,True,True,MINIMUM,https://uploads-master.aws.bengalmeat.com/media/cattle-thumbnail/2025/BLF_4607_1_N9AjtV5.jpg,2025-04-23T14:31:57.961136+06:00,AVAILABLE
24c012be-a77c-4a37-81d9-50eccc370c2f,BLF 4613,COW,MALE_BULL,RED,LOCAL,['GRASS_GRAIN_FED'],2 Years,"[{'id': '50cd202b-4d39-477d-8de7-e3210586b970', 'image': 'https://uploads-master.aws.bengalmeat.com/media/cattle-image/2025/BLF_4613_2_jlaTHR4.jpg'}, {'id': 'aa3a7d94-9147-4bae-b445-3a7e17287a0b', 'image': 'https://uploads-master.aws.bengalmeat.com/media/cattle-image/2025/BLF_4613_3_Lwy0TJ4.jpg'}, {'id': '630ff802-f4bc-40fa-bb2c-411170268645', 'image': 'https://uploads-master.aws.bengalmeat.com/media/cattle-image/2025/BLF_4613.jpg'}]",0.0,6 Months,2,0,42.0,rOiNPfDvqew,254.0,162000.00,False,True,True,True,True,MINIMUM,https://uploads-master.aws.bengalmeat.com/media/cattle-thumbnail/2025/BLF_4613_1_JO7RzIN.jpg,2025-04-23T14:41:44.174358+06:00,AVAILABLE
6b0683fc-b243-4163-8326-ad8d9dd7e8a2,BLF 4808,COW,MALE_BULL,RED,LOCAL,['GRASS_GRAIN_FED'],2 Years,"[{'id': '483c0aeb-033a-4095-beae-93e3ef1c38f8', 'image': 'https://uploads-master.aws.bengalmeat.com/media/cattle-image/2025/BLF_4808_2.jpg'}, {'id': '340821ca-eccd-4756-8a9c-df2bc233ac53', 'image': 'https://uploads-master.aws.bengalmeat.com/media/cattle-image/2025/BLF_4808_3.jpg'}, {'id': '013e72c0-4c6e-4bf9-9b0d-56446953aafd', 'image': 'https://uploads-master.aws.bengalmeat.com/media/cattle-image/2025/BLF_4808_4.jpg'}]",0.0,6 Months,2,0,44.3,Y4P9AMHElpg,300.0,189000.00,False,True,True,True,True,MINIMUM,https://uploads-master.aws.bengalmeat.com/media/cattle-thumbnail/2025/BLF_4808_1.jpg,2025-04-30T08:33:00.614115+06:00,AVAILABLE
15599cda-8a0d-4f93-ad4a-8a7dc0601363,BLF 4714,COW,MALE_BULL,RED,LOCAL,['GRASS_FED_GRASS_FINISHED'],3 Years,"[{'id': '01b2b18a-efad-4b9f-8320-3ae355eee3da', 'image': 'https://uploads-master.aws.bengalmeat.com/media/cattle-image/2025/BLF_4714_2.jpg'}, {'id': '3e547564-c7d3-4a2b-9cee-9557b7ecebbc', 'image': 'https://uploads-master.aws.bengalmeat.com/media/cattle-image/2025/BLF_4714_3.jpg'}, {'id': 'e3cce961-d359-4e4a-b479-a86d128e0524', 'image': 'https://uploads-master.aws.bengalmeat.com/media/cattle-image/2025/BLF_4714_4.jpg'}]",0.0,6 Months,6,0,46.8,ZQw5qcsnq-8,477.0,308000.00,False,True,True,True,True,MEDIUM,https://uploads-master.aws.bengalmeat.com/media/cattle-thumbnail/2025/BLF_4714_1.jpg,2025-04-24T14:38:52.080093+06:00,AVAILABLE
905a0dec-fd7c-4559-81fb-17d28d5e6308,BLF 4715,COW,MALE_BULL,RED,LOCAL,['GRASS_FED_GRASS_FINISHED'],2.5 Years,"[{'id': '60a1d046-b8b8-4f4f-9abc-a8069702ebaa', 'image': 'https://uploads-master.aws.bengalmeat.com/media/cattle-image/2025/BLF_4715_2.jpg'}, {'id': 'afbacc97-6bcb-4f5a-9d5f-cd08934b070b', 'image': 'https://uploads-master.aws.bengalmeat.com/media/cattle-image/2025/BLF_4715_3.jpg'}, {'id': '0b91ed40-ca45-4cce-9a7e-49ef71f13ec2', 'image': 'https://uploads-master.aws.bengalmeat.com/media/cattle-image/2025/BLF_4715_4.jpg'}]",0.0,6 Months,4,0,46.5,QdYoKEn3kg4,438.0,284000.00,False,True,True,True,True,MEDIUM,https://uploads-master.aws.bengalmeat.com/media/cattle-thumbnail/2025/BLF_4715.jpg,2025-04-24T14:40:05.579537+06:00,AVAILABLE
e2e9a3f5-bb8d-4a94-b42b-dcd7b8aa9815,BLF 4729,COW,MALE_BULL,RED,LOCAL,['GRASS_GRAIN_FED'],2.5 Years,"[{'id': '7aa03b8b-9a2d-40fb-8ff8-b8d8f420457f', 'image': 'https://uploads-master.aws.bengalmeat.com/media/cattle-image/2025/BLF_4729_2.jpg'}, {'id': '38892154-fa05-450e-9176-407260c45699', 'image': 'https://uploads-master.aws.bengalmeat.com/media/cattle-image/2025/BLF_4729_3.jpg'}, {'id': 'bb5dc206-95a3-44f8-9193-4f0b6fcc4c5c', 'image': 'https://uploads-master.aws.bengalmeat.com/media/cattle-image/2025/BLF_4729_4.jpg'}]",0.0,6 Months,4,0,41.5,0VjO4b10pyI,258.0,166000.00,False,True,True,True,True,MINIMUM,https://uploads-master.aws.bengalmeat.com/media/cattle-thumbnail/2025/BLF_4729_1.jpg,2025-04-29T12:32:25.679251+06:00,AVAILABLE
51c2e117-8952-4125-a44a-16748125f67b,BLF 4688,COW,MALE_BULL,RED,LOCAL,['GRASS_GRAIN_FED'],2 Years,"[{'id': '6e0f7f53-6318-4dcd-bd37-900c94f85c3b', 'image': 'https://uploads-master.aws.bengalmeat.com/media/cattle-image/2025/BLF_4688_2.jpg'}, {'id': '4ca38dab-f2d2-4409-a9b6-5bfad69ddc20', 'image': 'https://uploads-master.aws.bengalmeat.com/media/cattle-image/2025/BLF_4688_3.jpg'}, {'id': '3f8385a1-ea0b-43b9-a437-efd64e37fc06', 'image': 'https://uploads-master.aws.bengalmeat.com/media/cattle-image/2025/BLF_4688_4.jpg'}]",0.0,6 Months,2,0,44.0,VgQQkZOxJV4,251.0,161000.00,False,True,True,True,True,MINIMUM,https://uploads-master.aws.bengalmeat.com/media/cattle-thumbnail/2025/BLF_4688_1.jpg,2025-04-24T11:50:33.111986+06:00,AVAILABLE
2ba8729a-5a54-4820-8c03-7bf7d04328b6,BLF 4717,COW,MALE_BULL,RED,LOCAL,['GRASS_FED_GRASS_FINISHED'],3 Years,"[{'id': '2488a49a-be7b-41e1-a7f7-02041a9da3c8', 'image': 'https://uploads-master.aws.bengalmeat.com/media/cattle-image/2025/BLF_4717_2.jpg'}, {'id': 'af0b6a76-0492-450a-88a2-0386cb8ed296', 'image': 'https://uploads-master.aws.bengalmeat.com/media/cattle-image/2025/BLF_4717_3.jpg'}, {'id': '80f50e2c-de34-4353-9f3f-2ee4d3f98b19', 'image': 'https://uploads-master.aws.bengalmeat.com/media/cattle-image/2025/BLF_4717_4.jpg'}]",0.0,6 Months,6,0,49.0,eAu-AqpycLk,525.0,338000.00,False,True,True,True,True,MEDIUM,https://uploads-master.aws.bengalmeat.com/media/cattle-thumbnail/2025/BLF_4717_1.jpg,2025-04-24T14:45:29.395942+06:00,AVAILABLE
02f11e0b-46ef-4878-80b1-b109b8345513,BLF 4716,COW,MALE_BULL,RED,LOCAL,['GRASS_FED_GRASS_FINISHED'],3 Years,"[{'id': '7d140492-cb53-4df6-816d-15ec31efe7ab', 'image': 'https://uploads-master.aws.bengalmeat.com/media/cattle-image/2025/BLF_4716_2.jpg'}, {'id': '5b92a76b-5d89-4136-a45c-4a3edeb3f52a', 'image': 'https://uploads-master.aws.bengalmeat.com/media/cattle-image/2025/BLF_4716_3.jpg'}, {'id': '8b2e6f5f-3360-4a54-8041-b06f0cf402e9', 'image': 'https://uploads-master.aws.bengalmeat.com/media/cattle-image/2025/BLF_4716_4.jpg'}]",0.0,6 Months,6,0,47.0,R62WYjkIHmQ,545.0,355000.00,True,True,True,True,True,MEDIUM,https://uploads-master.aws.bengalmeat.com/media/cattle-thumbnail/2025/BLF_4716_1.jpg,2025-04-24T14:43:13.154374+06:00,AVAILABLE
d47da12a-1c10-43e1-b28c-359ccbcf1595,BLF 4689,COW,MALE_BULL,NON_RED,LOCAL,['GRASS_GRAIN_FED'],2 Years,"[{'id': 'b388a3b5-d9a6-4e81-9323-164f9c101cfe', 'image': 'https://uploads-master.aws.bengalmeat.com/media/cattle-image/2025/BLF_4689_2.jpg'}, {'id': '3d33eca1-40fa-4681-91ac-0b8e38c5b5a6', 'image': 'https://uploads-master.aws.bengalmeat.com/media/cattle-image/2025/BLF_4689_3.jpg'}, {'id': 'd0d4ceb1-aa37-437c-a2a9-be1f5900e8b0', 'image': 'https://uploads-master.aws.bengalmeat.com/media/cattle-image/2025/BLF_4689_4.jpg'}]",0.0,6 Months,2,0,42.5,lIT1tex-ilo,260.0,166000.00,False,True,True,True,True,MINIMUM,https://uploads-master.aws.bengalmeat.com/media/cattle-thumbnail/2025/BLF_4689_1.jpg,2025-04-24T11:54:20.659744+06:00,AVAILABLE
a7e16160-1ee9-47e8-b692-27ecb19ae80a,BLF 4666,COW,MALE_BULL,NON_RED,LOCAL,['GRASS_GRAIN_FED'],2.5 Years,"[{'id': 'bbab71f6-9e25-45b8-b75b-6900d86868cd', 'image': 'https://uploads-master.aws.bengalmeat.com/media/cattle-image/2025/BLF_4666_2.jpg'}, {'id': 'c0e1fda4-26be-4067-89de-56e7fb86bda8', 'image': 'https://uploads-master.aws.bengalmeat.com/media/cattle-image/2025/BLF_4666_3.jpg'}, {'id': '94774587-b5a5-454b-85e5-4d9d8df3781f', 'image': 'https://uploads-master.aws.bengalmeat.com/media/cattle-image/2025/BLF_4666_4.jpg'}]",0.0,6 Months,4,0,41.4,zWb6l-P87Yk,265.0,169000.00,False,True,True,True,True,MINIMUM,https://uploads-master.aws.bengalmeat.com/media/cattle-thumbnail/2025/BLF_4666_1.jpg,2025-04-24T08:29:51.018247+06:00,AVAILABLE
dc22111a-e9ce-48cc-a59d-3128e5ec8811,BLF 4672,COW,MALE_BULL,NON_RED,LOCAL,['GRASS_GRAIN_FED'],2.5 Years,"[{'id': '1a23ec74-3e7a-460c-a789-85dc127938e4', 'image': 'https://uploads-master.aws.bengalmeat.com/media/cattle-image/2025/BLF_4672_2.jpg'}, {'id': '4e66083c-fbbe-4a7d-9637-d0834abaf582', 'image': 'https://uploads-master.aws.bengalmeat.com/media/cattle-image/2025/BLF_4672_3.jpg'}, {'id': 'f9d33bea-734e-46fd-a041-cf93957b65c3', 'image': 'https://uploads-master.aws.bengalmeat.com/media/cattle-image/2025/BLF_4672_4.jpg'}]",0.0,6 Months,4,0,43.0,HCVm1lDyBRk,254.0,164000.00,False,True,True,True,True,MINIMUM,https://uploads-master.aws.bengalmeat.com/media/cattle-thumbnail/2025/BLF_4672_1.jpg,2025-04-24T10:30:03.483641+06:00,ORDERED
523403bf-d223-4d46-a3f0-247c39c6ec85,BLF 4706,COW,MALE_BULL,RED,LOCAL,['GRASS_GRAIN_FED'],2.5 Years,"[{'id': 'b429590f-5f0b-4556-b5e9-f2a40af1e6c4', 'image': 'https://uploads-master.aws.bengalmeat.com/media/cattle-image/2025/BLF_4706_2.jpg'}, {'id': '4b763a67-2388-4958-b826-7167ccadddc9', 'image': 'https://uploads-master.aws.bengalmeat.com/media/cattle-image/2025/BLF_4706_3.jpg'}, {'id': '5f37874c-0b8e-4abe-a8aa-01dff966bc08', 'image': 'https://uploads-master.aws.bengalmeat.com/media/cattle-image/2025/BLF_4706_4.jpg'}]",0.0,6 Months,4,0,41.6,hcbjpUYWVgM,252.0,161000.00,False,True,True,True,True,MINIMUM,https://uploads-master.aws.bengalmeat.com/media/cattle-thumbnail/2025/BLF_4706_1.jpg,2025-04-24T15:08:41.979226+06:00,AVAILABLE
b1427207-e1e3-4178-b1be-4ad617234b5f,BLF 4707,COW,MALE_BULL,RED,LOCAL,['GRASS_FED_GRASS_FINISHED'],2 Years,"[{'id': 'ac6e303e-e1e6-48bd-a2a8-d0f0656ff5bd', 'image': 'https://uploads-master.aws.bengalmeat.com/media/cattle-image/2025/BLF_4707_2.jpg'}, {'id': '8221bb8d-1447-4935-8074-c684b149995a', 'image': 'https://uploads-master.aws.bengalmeat.com/media/cattle-image/2025/BLF_4707_3.jpg'}, {'id': '235abfe9-82ae-425c-b269-6e779ea40a46', 'image': 'https://uploads-master.aws.bengalmeat.com/media/cattle-image/2025/BLF_4707_4.jpg'}]",0.0,6 Months,2,0,41.5,MPnj8AixxDI,278.0,177000.00,False,True,True,True,True,MINIMUM,https://uploads-master.aws.bengalmeat.com/media/cattle-thumbnail/2025/BLF_4707.jpg,2025-04-24T15:09:53.664776+06:00,AVAILABLE
6a7cba95-ffee-460f-a0ec-7053a77ff2f0,BLF 4713,COW,MALE_BULL,RED,LOCAL,['GRASS_FED_GRASS_FINISHED'],3 Years,"[{'id': 'dac768f8-88db-420f-930e-700c4d77d288', 'image': 'https://uploads-master.aws.bengalmeat.com/media/cattle-image/2025/BLF_4713_2.jpg'}, {'id': '283bb862-cf58-4336-9bdd-e5b158a4076d', 'image': 'https://uploads-master.aws.bengalmeat.com/media/cattle-image/2025/BLF_4713_3.jpg'}, {'id': 'cbad014f-adf6-4c36-87a0-9df0e69c04fa', 'image': 'https://uploads-master.aws.bengalmeat.com/media/cattle-image/2025/BLF_4713_4.jpg'}]",0.0,6 Months,6,0,45.0,7-TXx6ShrLU,490.0,315000.00,True,True,True,True,True,MEDIUM,https://uploads-master.aws.bengalmeat.com/media/cattle-thumbnail/2025/BLF_4713.jpg,2025-04-24T14:37:36.403225+06:00,AVAILABLE
3655a9ab-5502-4c69-8bc2-04a2d5011bfd,BLF 4698,COW,MALE_BULL,RED,LOCAL,['GRASS_GRAIN_FED'],2 Years,"[{'id': 'd466a49d-a16f-4cca-8504-6e372f4b8877', 'image': 'https://uploads-master.aws.bengalmeat.com/media/cattle-image/2025/BLF_4698_2.jpg'}, {'id': '7b80ce55-195b-4d4f-aa68-fa8cc1200232', 'image': 'https://uploads-master.aws.bengalmeat.com/media/cattle-image/2025/BLF_4698_3.jpg'}, {'id': '92245e0f-35dc-4c2f-a7db-ad8321313298', 'image': 'https://uploads-master.aws.bengalmeat.com/media/cattle-image/2025/BLF_4698_4.jpg'}]",0.0,6 Months,2,0,42.4,rwQ9SgVoCFU,283.0,179000.00,False,True,True,True,True,MINIMUM,https://uploads-master.aws.bengalmeat.com/media/cattle-thumbnail/2025/BLF_4698_1.jpg,2025-04-24T14:30:53.400876+06:00,AVAILABLE
495e6909-8288-4461-86c3-aa10fba98220,BLF 4710,COW,MALE_BULL,RED,,['GRASS_FED_GRASS_FINISHED'],2.5 Years,"[{'id': 'f67e924b-7c02-47b8-bcd6-69bc2d649f2b', 'image': 'https://uploads-master.aws.bengalmeat.com/media/cattle-image/2025/BLF_4710_2.jpg'}, {'id': '6ea9669d-b65e-466d-937f-5f8ae088ba8a', 'image': 'https://uploads-master.aws.bengalmeat.com/media/cattle-image/2025/BLF_4710_3.jpg'}, {'id': '10187f44-9641-44d1-9955-1fec78a9f7f6', 'image': 'https://uploads-master.aws.bengalmeat.com/media/cattle-image/2025/BLF_4710_4.jpg'}]",0.0,6 Months,4,0,43.2,rJsqfJFi4PY,284.0,180000.00,False,True,True,True,True,MINIMUM,https://uploads-master.aws.bengalmeat.com/media/cattle-thumbnail/2025/BLF_4710_1.jpg,2025-05-01T19:32:47.864358+06:00,AVAILABLE
af29e7f4-f231-412c-b433-4d8de59aa814,BLF 4664,COW,MALE_BULL,RED,SAHIWAL,['GRASS_FED_GRASS_FINISHED'],2 Years,"[{'id': '0b12fc10-66f9-4172-a7c2-955d83abe480', 'image': 'https://uploads-master.aws.bengalmeat.com/media/cattle-image/2025/BLF_4664_2.jpg'}, {'id': 'e2d11e9b-dd7e-4ddc-855f-4b60268a1038', 'image': 'https://uploads-master.aws.bengalmeat.com/media/cattle-image/2025/BLF_4664_3.jpg'}, {'id': '273aecf6-4a4e-4453-aea1-ec7e767d1972', 'image': 'https://uploads-master.aws.bengalmeat.com/media/cattle-image/2025/BLF_4664.jpg'}]",0.0,6 Months,2,0,42.4,zIj8uL3HMGg,250.0,161000.00,True,True,True,True,True,MINIMUM,https://uploads-master.aws.bengalmeat.com/media/cattle-thumbnail/2025/BLF_4664_1.jpg,2025-04-24T08:27:16.988380+06:00,AVAILABLE
