sku,sex,color,breed,feed,age_in_year,teeth,height_in_inch,weight_in_kg,price,size,images_count,yt_images_count,total_images
BLF 2340,MALE_BULL,RED,LOCAL,"['JUMBOO', 'LUCERNE', 'NAPIER', 'SILAGE', 'STRAW', 'CORN', 'CONCENTRATE_MIX']",2,2,50.9,270.0,19000.0,MEDIUM,4,0,4
BLF 2342,MALE_BULL,NON_RED,LOCAL,"['JUMBOO', 'LUCERNE', 'NAPIER', 'SILAGE', 'STRAW', 'CORN', 'CONCENTRATE_MIX']",2,2,52.0,256.0,18000.0,LARGE,4,31,35
BLF2001,MALE_BULL,RED,LOCAL,"['JUMBOO', 'LUCERNE', 'NAPIER', 'SILAGE', 'STRAW', 'CORN', 'CONCENTRATE_MIX']",2,2,48.5,279.0,120000.0,MEDIUM,4,31,35
BLF2002,MALE_BULL,NON_RED,LOCAL,"['JUMBOO', 'LUCERNE', 'NAPIER', 'SILAGE', 'STRAW', 'CORN', 'CONCENTRATE_MIX']",2.5,4,51.0,296.0,125000.0,LARGE,4,31,35
BLF2003,MALE_BULL,RED,LOCAL,"['JUMBOO', 'LUCERNE', 'NAPIER', 'SILAGE', 'STRAW', 'CORN', 'CONCENTRATE_MIX']",2,2,44.0,212.0,92000.0,MINIMUM,4,31,35
BLF2004,MALE_BULL,RED,LOCAL,"['JUMBOO', 'LUCERNE', 'NAPIER', 'SILAGE', 'STRAW', 'CORN', 'CONCENTRATE_MIX']",2,2,43.5,202.0,88000.0,MINIMUM,4,31,35
BLF2005,MALE_BULL,NON_RED,LOCAL,"['JUMBOO', 'LUCERNE', 'NAPIER', 'SILAGE', 'STRAW', 'CORN', 'CONCENTRATE_MIX']",2,2,45.0,205.0,88000.0,MEDIUM,4,31,35
BLF2006,MALE_BULL,RED,SAHIWAL,"['JUMBOO', 'LUCERNE', 'NAPIER', 'SILAGE', 'STRAW', 'CORN', 'CONCENTRATE_MIX']",2,2,48.0,258.0,112000.0,MEDIUM,4,31,35
BLF2007,MALE_BULL,NON_RED,LOCAL,"['JUMBOO', 'LUCERNE', 'NAPIER', 'SILAGE', 'STRAW', 'CORN', 'CONCENTRATE_MIX']",2,2,46.0,240.0,102000.0,MEDIUM,4,31,35
BLF2008,MALE_BULL,RED,RED_CHITTAGONG,"['JUMBOO', 'LUCERNE', 'NAPIER', 'SILAGE', 'STRAW', 'CORN', 'CONCENTRATE_MIX']",2,2,43.2,215.0,95000.0,MINIMUM,4,31,35
BLF2009,MALE_BULL,NON_RED,LOCAL,"['JUMBOO', 'LUCERNE', 'NAPIER', 'SILAGE', 'STRAW', 'CORN', 'CONCENTRATE_MIX']",2,2,45.0,226.0,96000.0,MEDIUM,4,31,35
BLF2010,MALE_BULL,NON_RED,LOCAL,"['JUMBOO', 'LUCERNE', 'NAPIER', 'SILAGE', 'STRAW', 'CORN', 'CONCENTRATE_MIX']",2,2,47.0,224.0,95000.0,MEDIUM,4,31,35
BLF2011,MALE_BULL,NON_RED,LOCAL,"['JUMBOO', 'LUCERNE', 'NAPIER', 'SILAGE', 'STRAW', 'CORN', 'CONCENTRATE_MIX']",2.5,4,45.8,245.0,105000.0,MEDIUM,4,31,35
BLF2012,MALE_BULL,NON_RED,LOCAL,"['JUMBOO', 'LUCERNE', 'NAPIER', 'SILAGE', 'STRAW', 'CORN', 'CONCENTRATE_MIX']",2.5,4,47.0,245.0,104000.0,MEDIUM,4,31,35
BLF2013,MALE_BULL,NON_RED,LOCAL,"['JUMBOO', 'LUCERNE', 'NAPIER', 'SILAGE', 'STRAW', 'CORN', 'CONCENTRATE_MIX']",2,2,48.0,255.0,108000.0,MEDIUM,4,31,35
BLF2014,MALE_BULL,NON_RED,LOCAL,"['JUMBOO', 'LUCERNE', 'NAPIER', 'SILAGE', 'STRAW', 'CORN', 'CONCENTRATE_MIX']",2,2,42.0,185.0,79000.0,MINIMUM,4,31,35
BLF2015,MALE_BULL,NON_RED,LOCAL,"['JUMBOO', 'LUCERNE', 'NAPIER', 'SILAGE', 'STRAW', 'CORN', 'CONCENTRATE_MIX']",2,2,44.0,200.0,85000.0,MINIMUM,4,31,35
BLF2016,MALE_BULL,NON_RED,LOCAL,"['JUMBOO', 'LUCERNE', 'NAPIER', 'SILAGE', 'STRAW', 'CORN', 'CONCENTRATE_MIX']",2.5,4,44.0,185.0,79000.0,MINIMUM,4,31,35
BLF2017,MALE_BULL,RED,LOCAL,"['JUMBOO', 'LUCERNE', 'NAPIER', 'SILAGE', 'STRAW', 'CORN', 'CONCENTRATE_MIX']",2,2,46.0,210.0,91000.0,MEDIUM,4,31,35
BLF2018,MALE_BULL,NON_RED,LOCAL,"['JUMBOO', 'LUCERNE', 'NAPIER', 'SILAGE', 'STRAW', 'CORN', 'CONCENTRATE_MIX']",2,2,45.0,200.0,85000.0,MEDIUM,4,31,35
BLF2019,MALE_BULL,RED,LOCAL,"['JUMBOO', 'LUCERNE', 'NAPIER', 'SILAGE', 'STRAW', 'CORN', 'CONCENTRATE_MIX']",2,2,44.6,250.0,108000.0,MINIMUM,4,31,35
BLF2020,MALE_BULL,RED,LOCAL,"['JUMBOO', 'LUCERNE', 'NAPIER', 'SILAGE', 'STRAW', 'CORN', 'CONCENTRATE_MIX']",2,2,45.2,226.0,97000.0,MEDIUM,4,31,35
BLF2021,MALE_BULL,RED,LOCAL,"['JUMBOO', 'LUCERNE', 'NAPIER', 'SILAGE', 'STRAW', 'CORN', 'CONCENTRATE_MIX']",2.5,4,46.0,211.0,91000.0,MEDIUM,4,31,35
BLF2022,MALE_BULL,NON_RED,LOCAL,"['JUMBOO', 'LUCERNE', 'NAPIER', 'SILAGE', 'STRAW', 'CORN', 'CONCENTRATE_MIX']",2,2,49.0,240.0,102000.0,MEDIUM,4,31,35
BLF2023,MALE_BULL,NON_RED,LOCAL,"['JUMBOO', 'LUCERNE', 'NAPIER', 'SILAGE', 'STRAW', 'CORN', 'CONCENTRATE_MIX']",2,2,46.6,225.0,97000.0,MEDIUM,4,31,35
BLF2024,MALE_BULL,NON_RED,LOCAL,"['JUMBOO', 'LUCERNE', 'NAPIER', 'SILAGE', 'STRAW', 'CORN', 'CONCENTRATE_MIX']",2,2,47.0,230.0,98000.0,MEDIUM,4,31,35
BLF2025,MALE_BULL,RED,LOCAL,"['JUMBOO', 'LUCERNE', 'NAPIER', 'SILAGE', 'STRAW', 'CORN', 'CONCENTRATE_MIX']",2,2,46.0,205.0,89000.0,MEDIUM,4,31,35
BLF2026,MALE_BULL,RED,SINDHI,"['JUMBOO', 'LUCERNE', 'NAPIER', 'SILAGE', 'STRAW', 'CORN', 'CONCENTRATE_MIX']",2,2,44.5,210.0,92000.0,MINIMUM,4,31,35
BLF2027,MALE_BULL,NON_RED,LOCAL,"['JUMBOO', 'LUCERNE', 'NAPIER', 'SILAGE', 'STRAW', 'CORN', 'CONCENTRATE_MIX']",2,2,48.7,265.0,111000.0,MEDIUM,4,31,35
BLF2028,MALE_BULL,NON_RED,LOCAL,"['JUMBOO', 'LUCERNE', 'NAPIER', 'SILAGE', 'STRAW', 'CORN', 'CONCENTRATE_MIX']",2.5,4,49.0,245.0,104000.0,MEDIUM,4,31,35
BLF2029,MALE_BULL,RED,SAHIWAL,"['JUMBOO', 'LUCERNE', 'NAPIER', 'SILAGE', 'STRAW', 'CORN', 'CONCENTRATE_MIX']",2.5,4,45.8,225.0,97000.0,MEDIUM,4,31,35
BLF2030,MALE_BULL,RED,RED_CHITTAGONG,"['JUMBOO', 'LUCERNE', 'NAPIER', 'SILAGE', 'STRAW', 'CORN', 'CONCENTRATE_MIX']",2.5,4,47.2,205.0,90000.0,MEDIUM,4,31,35
BLF2031,MALE_BULL,NON_RED,LOCAL,"['JUMBOO', 'LUCERNE', 'NAPIER', 'SILAGE', 'STRAW', 'CORN', 'CONCENTRATE_MIX']",2,2,46.0,230.0,98000.0,MEDIUM,4,31,35
BLF2032,MALE_BULL,NON_RED,PABNA_BREED,"['JUMBOO', 'LUCERNE', 'NAPIER', 'SILAGE', 'STRAW', 'CORN', 'CONCENTRATE_MIX']",2,2,50.0,250.0,106000.0,MEDIUM,4,31,35
BLF2033,MALE_BULL,NON_RED,LOCAL,"['JUMBOO', 'LUCERNE', 'NAPIER', 'SILAGE', 'STRAW', 'CORN', 'CONCENTRATE_MIX']",2,2,41.0,160.0,71000.0,MINIMUM,4,31,35
BLF2034,MALE_BULL,NON_RED,LOCAL,"['JUMBOO', 'LUCERNE', 'NAPIER', 'SILAGE', 'STRAW', 'CORN', 'CONCENTRATE_MIX']",2,2,43.5,210.0,89000.0,MINIMUM,4,31,35
BLF2035,MALE_BULL,RED,SAHIWAL,"['JUMBOO', 'LUCERNE', 'NAPIER', 'SILAGE', 'STRAW', 'CORN', 'CONCENTRATE_MIX']",2,2,47.0,242.0,105000.0,MEDIUM,4,31,35
BLF2036,MALE_BULL,RED,SAHIWAL,"['JUMBOO', 'LUCERNE', 'NAPIER', 'SILAGE', 'STRAW', 'CORN', 'CONCENTRATE_MIX']",2.5,4,46.0,230.0,99000.0,MEDIUM,4,31,35
BLF2037,MALE_BULL,RED,LOCAL,"['JUMBOO', 'LUCERNE', 'NAPIER', 'SILAGE', 'STRAW', 'CORN', 'CONCENTRATE_MIX']",2.5,4,45.6,200.0,87000.0,MEDIUM,4,31,35
BLF2038,MALE_BULL,NON_RED,LOCAL,"['JUMBOO', 'LUCERNE', 'NAPIER', 'SILAGE', 'STRAW', 'CORN', 'CONCENTRATE_MIX']",2,2,47.1,235.0,100000.0,MEDIUM,4,31,35
BLF2039,MALE_BULL,RED,LOCAL,"['JUMBOO', 'LUCERNE', 'NAPIER', 'SILAGE', 'STRAW', 'CORN', 'CONCENTRATE_MIX']",2,2,44.3,210.0,91000.0,MINIMUM,4,31,35
BLF2040,MALE_BULL,NON_RED,LOCAL,"['JUMBOO', 'LUCERNE', 'NAPIER', 'SILAGE', 'STRAW', 'CORN', 'CONCENTRATE_MIX']",2,2,43.7,200.0,86000.0,MINIMUM,4,31,35
BLF2041,MALE_BULL,NON_RED,LOCAL,"['JUMBOO', 'LUCERNE', 'NAPIER', 'SILAGE', 'STRAW', 'CORN', 'CONCENTRATE_MIX']",2,2,44.0,220.0,93000.0,MINIMUM,4,31,35
BLF2042,MALE_BULL,RED,SINDHI,"['JUMBOO', 'LUCERNE', 'NAPIER', 'SILAGE', 'STRAW', 'CORN', 'CONCENTRATE_MIX']",2,2,53.6,345.0,146000.0,LARGE,4,31,35
BLF2043,MALE_BULL,RED,SAHIWAL,"['JUMBOO', 'LUCERNE', 'NAPIER', 'SILAGE', 'STRAW', 'CORN', 'CONCENTRATE_MIX']",2,2,47.5,282.0,122000.0,MEDIUM,4,31,35
BLF2044,MALE_BULL,NON_RED,LOCAL,"['JUMBOO', 'LUCERNE', 'NAPIER', 'SILAGE', 'STRAW', 'CORN', 'CONCENTRATE_MIX']",2,2,47.1,255.0,109000.0,MEDIUM,4,31,35
BLF2045,MALE_BULL,RED,LOCAL,"['JUMBOO', 'LUCERNE', 'NAPIER', 'SILAGE', 'STRAW', 'CORN', 'CONCENTRATE_MIX']",2,2,44.0,225.0,97000.0,MINIMUM,4,31,35
BLF2046,MALE_BULL,NON_RED,LOCAL,"['JUMBOO', 'LUCERNE', 'NAPIER', 'SILAGE', 'STRAW', 'CORN', 'CONCENTRATE_MIX']",2,2,48.0,246.0,104000.0,MEDIUM,4,31,35
BLF2047,MALE_BULL,RED,SINDHI,"['JUMBOO', 'LUCERNE', 'NAPIER', 'SILAGE', 'STRAW', 'CORN', 'CONCENTRATE_MIX']",2,2,50.0,315.0,136000.0,MEDIUM,4,31,35
BLF2048,MALE_BULL,RED,LOCAL,"['JUMBOO', 'LUCERNE', 'NAPIER', 'SILAGE', 'STRAW', 'CORN', 'CONCENTRATE_MIX']",2.5,4,50.0,285.0,123000.0,MEDIUM,4,31,35
BLF2049,MALE_BULL,RED,LOCAL,"['JUMBOO', 'LUCERNE', 'NAPIER', 'SILAGE', 'STRAW', 'CORN', 'CONCENTRATE_MIX']",2,2,50.3,300.0,129000.0,MEDIUM,4,31,35
BLF2050,MALE_BULL,NON_RED,LOCAL,"['JUMBOO', 'LUCERNE', 'NAPIER', 'SILAGE', 'STRAW', 'CORN', 'CONCENTRATE_MIX']",2,2,44.3,255.0,108000.0,MINIMUM,4,31,35
BLF2051,MALE_BULL,RED,LOCAL,"['JUMBOO', 'LUCERNE', 'NAPIER', 'SILAGE', 'STRAW', 'CORN', 'CONCENTRATE_MIX']",2,2,47.1,275.0,119000.0,MEDIUM,4,31,35
BLF2052,MALE_BULL,RED,LOCAL,"['JUMBOO', 'LUCERNE', 'NAPIER', 'SILAGE', 'STRAW', 'CORN', 'CONCENTRATE_MIX']",2.5,4,44.0,216.0,94000.0,MINIMUM,4,31,35
BLF2053,MALE_BULL,RED,LOCAL,"['JUMBOO', 'LUCERNE', 'NAPIER', 'SILAGE', 'STRAW', 'CORN', 'CONCENTRATE_MIX']",2,2,51.0,302.0,131000.0,LARGE,4,31,35
BLF2054,MALE_BULL,RED,SINDHI,"['JUMBOO', 'LUCERNE', 'NAPIER', 'SILAGE', 'STRAW', 'CORN', 'CONCENTRATE_MIX']",2,2,47.2,273.0,117000.0,MEDIUM,4,31,35
BLF2055,MALE_BULL,RED,SAHIWAL,"['JUMBOO', 'LUCERNE', 'NAPIER', 'SILAGE', 'STRAW', 'CORN', 'CONCENTRATE_MIX']",2.5,4,47.0,240.0,104000.0,MEDIUM,4,31,35
BLF2056,MALE_BULL,NON_RED,LOCAL,"['JUMBOO', 'LUCERNE', 'NAPIER', 'SILAGE', 'STRAW', 'CORN', 'CONCENTRATE_MIX']",2.5,4,45.8,218.0,93000.0,MEDIUM,4,31,35
BLF2057,MALE_BULL,RED,LOCAL,"['JUMBOO', 'LUCERNE', 'NAPIER', 'SILAGE', 'STRAW', 'CORN', 'CONCENTRATE_MIX']",2.5,4,45.6,205.0,89000.0,MEDIUM,4,31,35
BLF2058,MALE_BULL,RED,LOCAL,"['JUMBOO', 'LUCERNE', 'NAPIER', 'SILAGE', 'STRAW', 'CORN', 'CONCENTRATE_MIX']",2,2,46.8,220.0,95000.0,MEDIUM,4,29,33
BLF2059,MALE_BULL,RED,LOCAL,"['JUMBOO', 'LUCERNE', 'NAPIER', 'SILAGE', 'STRAW', 'CORN', 'CONCENTRATE_MIX']",2,2,42.9,213.0,92000.0,MINIMUM,4,31,35
BLF2060,MALE_BULL,NON_RED,LOCAL,"['JUMBOO', 'LUCERNE', 'NAPIER', 'SILAGE', 'STRAW', 'CORN', 'CONCENTRATE_MIX']",2,2,46.9,220.0,94000.0,MEDIUM,4,31,35
BLF2061,MALE_BULL,RED,SINDHI,"['JUMBOO', 'LUCERNE', 'NAPIER', 'SILAGE', 'STRAW', 'CORN', 'CONCENTRATE_MIX']",2,2,46.0,288.0,123000.0,MEDIUM,4,31,35
BLF2062,MALE_BULL,RED,SINDHI,"['JUMBOO', 'LUCERNE', 'NAPIER', 'SILAGE', 'STRAW', 'CORN', 'CONCENTRATE_MIX']",2,2,47.0,267.0,115000.0,MEDIUM,4,31,35
BLF2063,MALE_BULL,RED,RED_CHITTAGONG,"['JUMBOO', 'LUCERNE', 'NAPIER', 'SILAGE', 'STRAW', 'CORN', 'CONCENTRATE_MIX']",2,2,48.3,286.0,127000.0,MEDIUM,4,31,35
BLF2064,MALE_BULL,RED,SINDHI,"['JUMBOO', 'LUCERNE', 'NAPIER', 'SILAGE', 'STRAW', 'CORN', 'CONCENTRATE_MIX']",2,2,50.0,305.0,131000.0,MEDIUM,4,31,35
BLF2065,MALE_BULL,RED,RED_CHITTAGONG,"['JUMBOO', 'LUCERNE', 'NAPIER', 'SILAGE', 'STRAW', 'CORN', 'CONCENTRATE_MIX']",2,2,46.8,216.0,97000.0,MEDIUM,4,31,35
BLF2066,MALE_BULL,RED,LOCAL,"['JUMBOO', 'LUCERNE', 'NAPIER', 'SILAGE', 'STRAW', 'CORN', 'CONCENTRATE_MIX']",2,2,42.6,185.0,80000.0,MINIMUM,4,31,35
BLF2067,MALE_BULL,RED,LOCAL,"['JUMBOO', 'LUCERNE', 'NAPIER', 'SILAGE', 'STRAW', 'CORN', 'CONCENTRATE_MIX']",2,2,43.0,227.0,98000.0,MINIMUM,4,31,35
BLF2068,MALE_BULL,NON_RED,LOCAL,"['JUMBOO', 'LUCERNE', 'NAPIER', 'SILAGE', 'STRAW', 'CORN', 'CONCENTRATE_MIX']",2,2,43.0,200.0,85000.0,MINIMUM,4,31,35
BLF2069,MALE_BULL,NON_RED,HOSTINE_CROSS,"['JUMBOO', 'LUCERNE', 'NAPIER', 'SILAGE', 'STRAW', 'CORN', 'CONCENTRATE_MIX']",2,2,42.0,202.0,85000.0,MINIMUM,4,31,35
BLF2070,MALE_BULL,RED,SAHIWAL,"['JUMBOO', 'LUCERNE', 'NAPIER', 'SILAGE', 'STRAW', 'CORN', 'CONCENTRATE_MIX']",2.5,4,46.0,236.0,102000.0,MEDIUM,4,31,35
BLF2071,MALE_BULL,NON_RED,LOCAL,"['JUMBOO', 'LUCERNE', 'NAPIER', 'SILAGE', 'STRAW', 'CORN', 'CONCENTRATE_MIX']",2.5,4,47.0,250.0,107000.0,MEDIUM,4,31,35
BLF2072,MALE_BULL,RED,SAHIWAL,"['JUMBOO', 'LUCERNE', 'NAPIER', 'SILAGE', 'STRAW', 'CORN', 'CONCENTRATE_MIX']",2,2,48.3,281.0,121000.0,MEDIUM,4,31,35
BLF2073,MALE_BULL,RED,LOCAL,"['JUMBOO', 'LUCERNE', 'NAPIER', 'SILAGE', 'STRAW', 'CORN', 'CONCENTRATE_MIX']",2,2,49.0,300.0,130000.0,MEDIUM,4,31,35
BLF2074,MALE_BULL,NON_RED,PABNA_BREED,"['JUMBOO', 'LUCERNE', 'NAPIER', 'SILAGE', 'STRAW', 'CORN', 'CONCENTRATE_MIX']",2,2,45.6,210.0,90000.0,MEDIUM,4,31,35
BLF2075,MALE_BULL,NON_RED,LOCAL,"['JUMBOO', 'LUCERNE', 'NAPIER', 'SILAGE', 'STRAW', 'CORN', 'CONCENTRATE_MIX']",2,2,48.3,225.0,98000.0,MEDIUM,4,31,35
BLF2076,MALE_BULL,NON_RED,LOCAL,"['JUMBOO', 'LUCERNE', 'NAPIER', 'SILAGE', 'STRAW', 'CORN', 'CONCENTRATE_MIX']",2,2,48.4,272.0,115000.0,MEDIUM,4,31,35
BLF2077,MALE_BULL,RED,SAHIWAL,"['JUMBOO', 'LUCERNE', 'NAPIER', 'SILAGE', 'STRAW', 'CORN', 'CONCENTRATE_MIX']",2,2,50.9,279.0,121000.0,MEDIUM,4,31,35
BLF2078,MALE_BULL,RED,SAHIWAL,"['JUMBOO', 'LUCERNE', 'NAPIER', 'SILAGE', 'STRAW', 'CORN', 'CONCENTRATE_MIX']",2,2,45.6,227.0,98000.0,MEDIUM,4,31,35
BLF2079,MALE_BULL,RED,SINDHI,"['JUMBOO', 'LUCERNE', 'NAPIER', 'SILAGE', 'STRAW', 'CORN', 'CONCENTRATE_MIX']",2.5,4,48.3,262.0,112000.0,MEDIUM,4,31,35
BLF2080,MALE_BULL,RED,LOCAL,"['JUMBOO', 'LUCERNE', 'NAPIER', 'SILAGE', 'STRAW', 'CORN', 'CONCENTRATE_MIX']",2,2,44.0,239.0,103000.0,MINIMUM,4,31,35
BLF2081,MALE_BULL,RED,SINDHI,"['JUMBOO', 'LUCERNE', 'NAPIER', 'SILAGE', 'STRAW', 'CORN', 'CONCENTRATE_MIX']",2.5,4,46.9,280.0,121000.0,MEDIUM,4,31,35
BLF2082,MALE_BULL,RED,SAHIWAL,"['JUMBOO', 'LUCERNE', 'NAPIER', 'SILAGE', 'STRAW', 'CORN', 'CONCENTRATE_MIX']",2.5,4,47.0,272.0,118000.0,MEDIUM,4,31,35
BLF2083,MALE_BULL,NON_RED,LOCAL,"['JUMBOO', 'LUCERNE', 'NAPIER', 'SILAGE', 'STRAW', 'CORN', 'CONCENTRATE_MIX']",2,2,43.0,205.0,88000.0,MINIMUM,4,31,35
BLF2084,MALE_BULL,NON_RED,LOCAL,"['JUMBOO', 'LUCERNE', 'NAPIER', 'SILAGE', 'STRAW', 'CORN', 'CONCENTRATE_MIX']",2.5,4,47.3,217.0,93000.0,MEDIUM,4,31,35
BLF2085,MALE_BULL,RED,LOCAL,"['JUMBOO', 'LUCERNE', 'NAPIER', 'SILAGE', 'STRAW', 'CORN', 'CONCENTRATE_MIX']",2,2,44.0,195.0,84000.0,MINIMUM,4,31,35
BLF2086,MALE_BULL,RED,LOCAL,"['JUMBOO', 'LUCERNE', 'NAPIER', 'SILAGE', 'STRAW', 'CORN', 'CONCENTRATE_MIX']",2,2,45.5,223.0,96000.0,MEDIUM,4,31,35
BLF2087,MALE_BULL,NON_RED,LOCAL,"['JUMBOO', 'LUCERNE', 'NAPIER', 'SILAGE', 'STRAW', 'CORN', 'CONCENTRATE_MIX']",2,2,49.2,287.0,122000.0,MEDIUM,4,31,35
BLF2088,MALE_BULL,NON_RED,LOCAL,"['JUMBOO', 'LUCERNE', 'NAPIER', 'SILAGE', 'STRAW', 'CORN', 'CONCENTRATE_MIX']",2,2,48.0,271.0,116000.0,MEDIUM,4,31,35
BLF2089,MALE_BULL,NON_RED,LOCAL,"['JUMBOO', 'LUCERNE', 'NAPIER', 'SILAGE', 'STRAW', 'CORN', 'CONCENTRATE_MIX']",2,2,47.0,275.0,20000.0,MEDIUM,4,31,35
BLF2090,MALE_BULL,RED,SAHIWAL,"['JUMBOO', 'LUCERNE', 'NAPIER', 'SILAGE', 'STRAW', 'CORN', 'CONCENTRATE_MIX']",2,2,49.0,263.0,114000.0,MEDIUM,4,31,35
BLF2091,MALE_BULL,RED,SAHIWAL,"['JUMBOO', 'LUCERNE', 'NAPIER', 'SILAGE', 'STRAW', 'CORN', 'CONCENTRATE_MIX']",2,2,49.8,273.0,118000.0,MEDIUM,4,31,35
BLF2092,MALE_BULL,RED,LOCAL,"['JUMBOO', 'LUCERNE', 'NAPIER', 'SILAGE', 'STRAW', 'CORN', 'CONCENTRATE_MIX']",3,6,49.3,252.0,109000.0,MEDIUM,4,31,35
BLF2093,MALE_BULL,NON_RED,LOCAL,"['JUMBOO', 'LUCERNE', 'NAPIER', 'SILAGE', 'STRAW', 'CORN', 'CONCENTRATE_MIX']",2.5,4,46.8,222.0,95000.0,MEDIUM,4,31,35
BLF2094,MALE_BULL,NON_RED,LOCAL,"['JUMBOO', 'LUCERNE', 'NAPIER', 'SILAGE', 'STRAW', 'CORN', 'CONCENTRATE_MIX']",2,2,48.0,221.0,95000.0,MEDIUM,4,31,35
BLF2095,MALE_BULL,RED,LOCAL,"['JUMBOO', 'LUCERNE', 'NAPIER', 'SILAGE', 'STRAW', 'CORN', 'CONCENTRATE_MIX']",2.5,4,45.2,252.0,108000.0,MEDIUM,4,31,35
BLF2096,MALE_BULL,RED,LOCAL,"['JUMBOO', 'LUCERNE', 'NAPIER', 'SILAGE', 'STRAW', 'CORN', 'CONCENTRATE_MIX']",2,2,43.1,190.0,81000.0,MINIMUM,4,31,35
BLF2097,MALE_BULL,NON_RED,LOCAL,"['JUMBOO', 'LUCERNE', 'NAPIER', 'SILAGE', 'STRAW', 'CORN', 'CONCENTRATE_MIX']",2,2,45.6,213.0,91000.0,MEDIUM,4,31,35
BLF2098,MALE_BULL,NON_RED,LOCAL,"['JUMBOO', 'LUCERNE', 'NAPIER', 'SILAGE', 'STRAW', 'CORN', 'CONCENTRATE_MIX']",2,2,47.1,257.0,109000.0,MEDIUM,4,31,35
BLF2099,MALE_BULL,RED,SAHIWAL,"['JUMBOO', 'LUCERNE', 'NAPIER', 'SILAGE', 'STRAW', 'CORN', 'CONCENTRATE_MIX']",2.5,4,48.5,295.0,128000.0,MEDIUM,4,31,35
BLF2100,MALE_BULL,NON_RED,LOCAL,"['JUMBOO', 'LUCERNE', 'NAPIER', 'SILAGE', 'STRAW', 'CORN', 'CONCENTRATE_MIX']",2,2,43.0,208.0,89000.0,MINIMUM,4,31,35
BLF2101,MALE_BULL,NON_RED,LOCAL,"['JUMBOO', 'LUCERNE', 'NAPIER', 'SILAGE', 'STRAW', 'CORN', 'CONCENTRATE_MIX']",2,2,44.5,238.0,101000.0,MINIMUM,4,31,35
BLF2102,MALE_BULL,RED,LOCAL,"['JUMBOO', 'LUCERNE', 'NAPIER', 'SILAGE', 'STRAW', 'CORN', 'CONCENTRATE_MIX']",2.5,4,42.9,179.0,79000.0,MINIMUM,4,31,35
BLF2103,MALE_BULL,RED,LOCAL,"['JUMBOO', 'LUCERNE', 'NAPIER', 'SILAGE', 'STRAW', 'CORN', 'CONCENTRATE_MIX']",2,2,43.1,195.0,85000.0,MINIMUM,4,31,35
BLF2104,MALE_BULL,RED,LOCAL,"['JUMBOO', 'LUCERNE', 'NAPIER', 'SILAGE', 'STRAW', 'CORN', 'CONCENTRATE_MIX']",2.5,4,42.4,181.0,78000.0,MINIMUM,4,31,35
BLF2105,MALE_BULL,NON_RED,LOCAL,"['JUMBOO', 'LUCERNE', 'NAPIER', 'SILAGE', 'STRAW', 'CORN', 'CONCENTRATE_MIX']",2,2,49.4,259.0,110000.0,MEDIUM,4,31,35
BLF2106,MALE_BULL,NON_RED,LOCAL,"['JUMBOO', 'LUCERNE', 'NAPIER', 'SILAGE', 'STRAW', 'CORN', 'CONCENTRATE_MIX']",2,2,48.0,277.0,118000.0,MEDIUM,4,31,35
BLF2107,MALE_BULL,RED,SAHIWAL,"['JUMBOO', 'LUCERNE', 'NAPIER', 'SILAGE', 'STRAW', 'CORN', 'CONCENTRATE_MIX']",2.5,4,46.9,271.0,118000.0,MEDIUM,4,31,35
BLF2108,MALE_BULL,RED,LOCAL,"['JUMBOO', 'LUCERNE', 'NAPIER', 'SILAGE', 'STRAW', 'CORN', 'CONCENTRATE_MIX']",2,2,47.2,250.0,108000.0,MEDIUM,4,31,35
BLF2109,MALE_BULL,RED,SAHIWAL,"['JUMBOO', 'LUCERNE', 'NAPIER', 'SILAGE', 'STRAW', 'CORN', 'CONCENTRATE_MIX']",2.5,4,47.0,205.0,89000.0,MEDIUM,4,31,35
BLF2110,MALE_BULL,NON_RED,PABNA_BREED,"['JUMBOO', 'LUCERNE', 'NAPIER', 'SILAGE', 'STRAW', 'CORN', 'CONCENTRATE_MIX']",2.5,4,55.5,315.0,133000.0,EXTRA_LARGE,4,31,35
BLF2111,MALE_BULL,RED,LOCAL,"['JUMBOO', 'LUCERNE', 'NAPIER', 'SILAGE', 'STRAW', 'CORN', 'CONCENTRATE_MIX']",2,2,44.0,291.0,126000.0,MINIMUM,4,31,35
BLF2112,MALE_BULL,NON_RED,LOCAL,"['JUMBOO', 'LUCERNE', 'NAPIER', 'SILAGE', 'STRAW', 'CORN', 'CONCENTRATE_MIX']",2,2,50.9,270.0,115000.0,MEDIUM,4,31,35
BLF2113,MALE_BULL,NON_RED,LOCAL,"['JUMBOO', 'LUCERNE', 'NAPIER', 'SILAGE', 'STRAW', 'CORN', 'CONCENTRATE_MIX']",2,2,45.6,230.0,98000.0,MEDIUM,4,31,35
BLF2114,MALE_BULL,RED,LOCAL,"['JUMBOO', 'LUCERNE', 'NAPIER', 'SILAGE', 'STRAW', 'CORN', 'CONCENTRATE_MIX']",2,2,45.0,246.0,107000.0,MEDIUM,4,31,35
BLF2115,MALE_BULL,RED,SINDHI,"['JUMBOO', 'LUCERNE', 'NAPIER', 'SILAGE', 'STRAW', 'CORN', 'CONCENTRATE_MIX']",2,2,48.7,280.0,20000.0,MEDIUM,4,31,35
BLF2116,MALE_BULL,RED,SAHIWAL,"['JUMBOO', 'LUCERNE', 'NAPIER', 'SILAGE', 'STRAW', 'CORN', 'CONCENTRATE_MIX']",2,2,46.0,263.0,114000.0,MEDIUM,4,31,35
BLF2117,MALE_BULL,NON_RED,LOCAL,"['JUMBOO', 'LUCERNE', 'NAPIER', 'SILAGE', 'STRAW', 'CORN', 'CONCENTRATE_MIX']",2,2,47.0,236.0,100000.0,MEDIUM,4,31,35
BLF2118,MALE_BULL,RED,SAHIWAL,"['JUMBOO', 'LUCERNE', 'NAPIER', 'SILAGE', 'STRAW', 'CORN', 'CONCENTRATE_MIX']",2,2,49.6,300.0,129000.0,MEDIUM,4,31,35
BLF2119,MALE_BULL,RED,SINDHI,"['JUMBOO', 'LUCERNE', 'NAPIER', 'SILAGE', 'STRAW', 'CORN', 'CONCENTRATE_MIX']",2,2,45.7,235.0,102000.0,MEDIUM,4,31,35
BLF2120,MALE_BULL,RED,LOCAL,"['JUMBOO', 'LUCERNE', 'NAPIER', 'SILAGE', 'STRAW', 'CORN', 'CONCENTRATE_MIX']",2,2,48.1,220.0,95000.0,MEDIUM,4,31,35
BLF2121,MALE_BULL,RED,LOCAL,"['JUMBOO', 'LUCERNE', 'NAPIER', 'SILAGE', 'STRAW', 'CORN', 'CONCENTRATE_MIX']",2,2,44.8,236.0,102000.0,MINIMUM,4,31,35
BLF2122,MALE_BULL,RED,SAHIWAL,"['JUMBOO', 'LUCERNE', 'NAPIER', 'SILAGE', 'STRAW', 'CORN', 'CONCENTRATE_MIX']",2,2,45.4,247.0,107000.0,MEDIUM,4,31,35
BLF2123,MALE_BULL,RED,SINDHI,"['JUMBOO', 'LUCERNE', 'NAPIER', 'SILAGE', 'STRAW', 'CORN', 'CONCENTRATE_MIX']",2.5,4,51.6,300.0,130000.0,LARGE,4,31,35
BLF2124,MALE_BULL,RED,SINDHI,"['JUMBOO', 'LUCERNE', 'NAPIER', 'SILAGE', 'STRAW', 'CORN', 'CONCENTRATE_MIX']",2.5,4,49.0,283.0,123000.0,MEDIUM,4,31,35
BLF2125,MALE_BULL,NON_RED,LOCAL,"['JUMBOO', 'LUCERNE', 'NAPIER', 'SILAGE', 'STRAW', 'CORN', 'CONCENTRATE_MIX']",2,2,49.0,260.0,110000.0,MEDIUM,4,31,35
BLF2126,MALE_BULL,NON_RED,LOCAL,"['JUMBOO', 'LUCERNE', 'NAPIER', 'SILAGE', 'STRAW', 'CORN', 'CONCENTRATE_MIX']",2,2,44.3,245.0,104000.0,MINIMUM,4,31,35
BLF2127,MALE_BULL,NON_RED,LOCAL,"['JUMBOO', 'LUCERNE', 'NAPIER', 'SILAGE', 'STRAW', 'CORN', 'CONCENTRATE_MIX']",2,2,44.3,201.0,86000.0,MINIMUM,4,31,35
BLF2128,MALE_BULL,RED,LOCAL,"['JUMBOO', 'LUCERNE', 'NAPIER', 'SILAGE', 'STRAW', 'CORN', 'CONCENTRATE_MIX']",2,2,49.4,260.0,112000.0,MEDIUM,4,31,35
BLF2129,MALE_BULL,NON_RED,LOCAL,"['JUMBOO', 'LUCERNE', 'NAPIER', 'SILAGE', 'STRAW', 'CORN', 'CONCENTRATE_MIX']",2.5,4,50.9,275.0,118000.0,MEDIUM,4,31,35
BLF2130,MALE_BULL,RED,LOCAL,"['JUMBOO', 'LUCERNE', 'NAPIER', 'SILAGE', 'STRAW', 'CORN', 'CONCENTRATE_MIX']",2.5,4,48.0,285.0,123000.0,MEDIUM,4,31,35
BLF2131,MALE_BULL,NON_RED,LOCAL,"['JUMBOO', 'LUCERNE', 'NAPIER', 'SILAGE', 'STRAW', 'CORN', 'CONCENTRATE_MIX']",2,2,46.0,212.0,91000.0,MEDIUM,4,31,35
BLF2132,MALE_BULL,NON_RED,LOCAL,"['JUMBOO', 'LUCERNE', 'NAPIER', 'SILAGE', 'STRAW', 'CORN', 'CONCENTRATE_MIX']",2,2,48.0,275.0,117000.0,MEDIUM,4,31,35
BLF2133,MALE_BULL,NON_RED,LOCAL,"['JUMBOO', 'LUCERNE', 'NAPIER', 'SILAGE', 'STRAW', 'CORN', 'CONCENTRATE_MIX']",2,2,44.5,230.0,98000.0,MINIMUM,4,31,35
BLF2134,MALE_BULL,RED,LOCAL,"['JUMBOO', 'LUCERNE', 'NAPIER', 'SILAGE', 'STRAW', 'CORN', 'CONCENTRATE_MIX']",2,2,45.0,217.0,94000.0,MEDIUM,4,31,35
BLF2135,MALE_BULL,RED,LOCAL,"['JUMBOO', 'LUCERNE', 'NAPIER', 'SILAGE', 'STRAW', 'CORN', 'CONCENTRATE_MIX']",2,2,49.0,263.0,114000.0,MEDIUM,4,31,35
BLF2136,MALE_BULL,NON_RED,HOSTINE_CROSS,"['JUMBOO', 'LUCERNE', 'NAPIER', 'SILAGE', 'STRAW', 'CORN', 'CONCENTRATE_MIX']",2,2,46.0,257.0,110000.0,MEDIUM,4,31,35
BLF2137,MALE_BULL,RED,LOCAL,"['JUMBOO', 'LUCERNE', 'NAPIER', 'SILAGE', 'STRAW', 'CORN', 'CONCENTRATE_MIX']",2.5,4,48.0,239.0,103000.0,MEDIUM,4,31,35
BLF2138,MALE_BULL,NON_RED,LOCAL,"['JUMBOO', 'LUCERNE', 'NAPIER', 'SILAGE', 'STRAW', 'CORN', 'CONCENTRATE_MIX']",2,2,48.5,213.0,92000.0,MEDIUM,4,31,35
BLF2139,MALE_BULL,NON_RED,LOCAL,"['JUMBOO', 'LUCERNE', 'NAPIER', 'SILAGE', 'STRAW', 'CORN', 'CONCENTRATE_MIX']",2,2,47.0,234.0,99000.0,MEDIUM,4,31,35
BLF2140,MALE_BULL,RED,SAHIWAL,"['JUMBOO', 'LUCERNE', 'NAPIER', 'SILAGE', 'STRAW', 'CORN', 'CONCENTRATE_MIX']",2,2,49.0,244.0,106000.0,MEDIUM,4,31,35
BLF2141,MALE_BULL,RED,LOCAL,"['JUMBOO', 'LUCERNE', 'NAPIER', 'SILAGE', 'STRAW', 'CORN', 'CONCENTRATE_MIX']",2.5,4,49.0,277.0,120000.0,MEDIUM,4,31,35
BLF2142,MALE_BULL,RED,LOCAL,"['JUMBOO', 'LUCERNE', 'NAPIER', 'SILAGE', 'STRAW', 'CORN', 'CONCENTRATE_MIX']",2,2,42.2,211.0,92000.0,MINIMUM,4,31,35
BLF2143,MALE_BULL,RED,RED_CHITTAGONG,"['JUMBOO', 'LUCERNE', 'NAPIER', 'SILAGE', 'STRAW', 'CORN', 'CONCENTRATE_MIX']",2,2,40.6,170.0,75000.0,MINIMUM,4,31,35
BLF2144,MALE_BULL,NON_RED,LOCAL,"['JUMBOO', 'LUCERNE', 'NAPIER', 'SILAGE', 'STRAW', 'CORN', 'CONCENTRATE_MIX']",2,2,47.2,222.0,95000.0,MEDIUM,4,31,35
BLF2145,MALE_BULL,RED,SAHIWAL,"['JUMBOO', 'LUCERNE', 'NAPIER', 'SILAGE', 'STRAW', 'CORN', 'CONCENTRATE_MIX']",2,2,47.0,249.0,107000.0,MEDIUM,4,31,35
BLF2146,MALE_BULL,RED,SINDHI,"['JUMBOO', 'LUCERNE', 'NAPIER', 'SILAGE', 'STRAW', 'CORN', 'CONCENTRATE_MIX']",2,2,50.0,289.0,125000.0,MEDIUM,4,31,35
BLF2147,MALE_BULL,NON_RED,LOCAL,"['JUMBOO', 'LUCERNE', 'NAPIER', 'SILAGE', 'STRAW', 'CORN', 'CONCENTRATE_MIX']",2,2,47.7,266.0,114000.0,MEDIUM,4,31,35
BLF2148,MALE_BULL,RED,LOCAL,"['JUMBOO', 'LUCERNE', 'NAPIER', 'SILAGE', 'STRAW', 'CORN', 'CONCENTRATE_MIX']",2.5,4,48.0,283.0,123000.0,MEDIUM,4,31,35
BLF2149,MALE_BULL,NON_RED,HOSTINE_CROSS,"['JUMBOO', 'LUCERNE', 'NAPIER', 'SILAGE', 'STRAW', 'CORN', 'CONCENTRATE_MIX']",2,2,48.0,244.0,104000.0,MEDIUM,4,31,35
BLF2150,MALE_BULL,RED,LOCAL,"['JUMBOO', 'LUCERNE', 'NAPIER', 'SILAGE', 'STRAW', 'CORN', 'CONCENTRATE_MIX']",2,2,44.0,223.0,98000.0,MINIMUM,4,31,35
BLF2151,MALE_BULL,NON_RED,LOCAL,"['JUMBOO', 'LUCERNE', 'NAPIER', 'SILAGE', 'STRAW', 'CORN', 'CONCENTRATE_MIX']",2,2,45.4,205.0,88000.0,MEDIUM,4,31,35
BLF2152,MALE_BULL,RED,LOCAL,"['JUMBOO', 'LUCERNE', 'NAPIER', 'SILAGE', 'STRAW', 'CORN', 'CONCENTRATE_MIX']",2.5,4,44.0,220.0,96000.0,MINIMUM,4,31,35
BLF2153,MALE_BULL,RED,LOCAL,"['JUMBOO', 'LUCERNE', 'NAPIER', 'SILAGE', 'STRAW', 'CORN', 'CONCENTRATE_MIX']",2,2,49.6,275.0,120000.0,MEDIUM,4,31,35
BLF2154,MALE_BULL,RED,LOCAL,"['JUMBOO', 'LUCERNE', 'NAPIER', 'SILAGE', 'STRAW', 'CORN', 'CONCENTRATE_MIX']",2,2,45.0,220.0,95000.0,MEDIUM,4,31,35
BLF2155,MALE_BULL,NON_RED,LOCAL,"['JUMBOO', 'LUCERNE', 'NAPIER', 'SILAGE', 'STRAW', 'CORN', 'CONCENTRATE_MIX']",2,2,41.5,199.0,85000.0,MINIMUM,4,31,35
BLF2156,MALE_BULL,NON_RED,LOCAL,"['JUMBOO', 'LUCERNE', 'NAPIER', 'SILAGE', 'STRAW', 'CORN', 'CONCENTRATE_MIX']",2,2,45.8,219.0,93000.0,MEDIUM,4,31,35
BLF2157,MALE_BULL,NON_RED,LOCAL,"['JUMBOO', 'LUCERNE', 'NAPIER', 'SILAGE', 'STRAW', 'CORN', 'CONCENTRATE_MIX']",2,2,43.5,205.0,88000.0,MINIMUM,4,31,35
BLF2158,MALE_BULL,RED,LOCAL,"['JUMBOO', 'LUCERNE', 'NAPIER', 'SILAGE', 'STRAW', 'CORN', 'CONCENTRATE_MIX']",2,2,43.0,172.0,76000.0,MINIMUM,4,31,35
BLF2159,MALE_BULL,NON_RED,LOCAL,"['JUMBOO', 'LUCERNE', 'NAPIER', 'SILAGE', 'STRAW', 'CORN', 'CONCENTRATE_MIX']",2,2,44.4,225.0,96000.0,MINIMUM,4,31,35
BLF2160,MALE_BULL,NON_RED,LOCAL,"['JUMBOO', 'LUCERNE', 'NAPIER', 'SILAGE', 'STRAW', 'CORN', 'CONCENTRATE_MIX']",2,2,46.5,249.0,106000.0,MEDIUM,4,31,35
BLF2161,MALE_BULL,NON_RED,LOCAL,"['JUMBOO', 'LUCERNE', 'NAPIER', 'SILAGE', 'STRAW', 'CORN', 'CONCENTRATE_MIX']",2,2,44.8,204.0,87000.0,MINIMUM,4,31,35
BLF2162,MALE_BULL,RED,SINDHI,"['JUMBOO', 'LUCERNE', 'NAPIER', 'SILAGE', 'STRAW', 'CORN', 'CONCENTRATE_MIX']",2.5,4,46.3,245.0,106000.0,MEDIUM,4,31,35
BLF2163,MALE_BULL,RED,SAHIWAL,"['JUMBOO', 'LUCERNE', 'NAPIER', 'SILAGE', 'STRAW', 'CORN', 'CONCENTRATE_MIX']",2,2,47.5,282.0,20000.0,MEDIUM,4,31,35
BLF2164,MALE_BULL,NON_RED,LOCAL,"['JUMBOO', 'LUCERNE', 'NAPIER', 'SILAGE', 'STRAW', 'CORN', 'CONCENTRATE_MIX']",2,2,48.0,239.0,103000.0,MEDIUM,4,31,35
BLF2165,MALE_BULL,RED,SAHIWAL,"['JUMBOO', 'LUCERNE', 'NAPIER', 'SILAGE', 'STRAW', 'CORN', 'CONCENTRATE_MIX']",2,2,48.0,250.0,109000.0,MEDIUM,4,31,35
BLF2166,MALE_BULL,RED,LOCAL,"['JUMBOO', 'LUCERNE', 'NAPIER', 'SILAGE', 'STRAW', 'CORN', 'CONCENTRATE_MIX']",2,2,44.0,282.0,20000.0,MINIMUM,4,31,35
BLF2167,MALE_BULL,RED,LOCAL,"['JUMBOO', 'LUCERNE', 'NAPIER', 'SILAGE', 'STRAW', 'CORN', 'CONCENTRATE_MIX']",2,2,47.8,242.0,105000.0,MEDIUM,4,31,35
BLF2168,MALE_BULL,NON_RED,LOCAL,"['JUMBOO', 'LUCERNE', 'NAPIER', 'SILAGE', 'STRAW', 'CORN', 'CONCENTRATE_MIX']",2,2,46.0,202.0,86000.0,MEDIUM,4,31,35
BLF2169,MALE_BULL,RED,LOCAL,"['JUMBOO', 'LUCERNE', 'NAPIER', 'SILAGE', 'STRAW', 'CORN', 'CONCENTRATE_MIX']",2,2,44.9,200.0,87000.0,MINIMUM,4,31,35
BLF2170,MALE_BULL,RED,SAHIWAL,"['JUMBOO', 'LUCERNE', 'NAPIER', 'SILAGE', 'STRAW', 'CORN', 'CONCENTRATE_MIX']",2,2,48.0,239.0,104000.0,MEDIUM,4,31,35
BLF2171,MALE_BULL,NON_RED,HOSTINE_CROSS,"['JUMBOO', 'LUCERNE', 'NAPIER', 'SILAGE', 'STRAW', 'CORN', 'CONCENTRATE_MIX']",2,2,48.4,268.0,114000.0,MEDIUM,4,31,35
BLF2172,MALE_BULL,RED,LOCAL,"['JUMBOO', 'LUCERNE', 'NAPIER', 'SILAGE', 'STRAW', 'CORN', 'CONCENTRATE_MIX']",2,2,46.5,200.0,87000.0,MEDIUM,4,31,35
BLF2173,MALE_BULL,RED,LOCAL,"['JUMBOO', 'LUCERNE', 'NAPIER', 'SILAGE', 'STRAW', 'CORN', 'CONCENTRATE_MIX']",2,2,44.0,180.0,79000.0,MINIMUM,4,31,35
BLF2174,MALE_BULL,RED,LOCAL,"['JUMBOO', 'LUCERNE', 'NAPIER', 'SILAGE', 'STRAW', 'CORN', 'CONCENTRATE_MIX']",2,2,45.0,232.0,100000.0,MEDIUM,4,31,35
BLF2175,MALE_BULL,NON_RED,SAHIWAL,"['JUMBOO', 'LUCERNE', 'NAPIER', 'SILAGE', 'STRAW', 'CORN', 'CONCENTRATE_MIX']",2,2,43.0,208.0,89000.0,MINIMUM,4,31,35
BLF2176,MALE_BULL,RED,LOCAL,"['JUMBOO', 'LUCERNE', 'NAPIER', 'SILAGE', 'STRAW', 'CORN', 'CONCENTRATE_MIX']",2,2,46.5,229.0,99000.0,MEDIUM,4,31,35
BLF2177,MALE_BULL,NON_RED,LOCAL,"['JUMBOO', 'LUCERNE', 'NAPIER', 'SILAGE', 'STRAW', 'CORN', 'CONCENTRATE_MIX']",2,2,44.3,203.0,88000.0,MINIMUM,4,31,35
BLF2178,MALE_BULL,RED,SINDHI,"['JUMBOO', 'LUCERNE', 'NAPIER', 'SILAGE', 'STRAW', 'CORN', 'CONCENTRATE_MIX']",2.5,4,48.0,246.0,107000.0,MEDIUM,4,31,35
BLF2179,MALE_BULL,RED,LOCAL,"['JUMBOO', 'LUCERNE', 'NAPIER', 'SILAGE', 'STRAW', 'CORN', 'CONCENTRATE_MIX']",2,2,48.0,283.0,123000.0,MEDIUM,4,31,35
BLF2180,MALE_BULL,RED,LOCAL,"['JUMBOO', 'LUCERNE', 'NAPIER', 'SILAGE', 'STRAW', 'CORN', 'CONCENTRATE_MIX']",2,2,47.0,260.0,113000.0,MEDIUM,4,31,35
BLF2181,MALE_BULL,RED,LOCAL,"['JUMBOO', 'LUCERNE', 'NAPIER', 'SILAGE', 'STRAW', 'CORN', 'CONCENTRATE_MIX']",2,2,48.0,245.0,106000.0,MEDIUM,4,31,35
BLF2182,MALE_BULL,NON_RED,LOCAL,"['JUMBOO', 'LUCERNE', 'NAPIER', 'SILAGE', 'STRAW', 'CORN', 'CONCENTRATE_MIX']",2,2,46.0,241.0,102000.0,MEDIUM,4,31,35
BLF2183,MALE_BULL,RED,LOCAL,"['JUMBOO', 'LUCERNE', 'NAPIER', 'SILAGE', 'STRAW', 'CORN', 'CONCENTRATE_MIX']",2.5,4,48.0,247.0,107000.0,MEDIUM,4,29,33
BLF2184,MALE_BULL,RED,LOCAL,"['JUMBOO', 'LUCERNE', 'NAPIER', 'SILAGE', 'STRAW', 'CORN', 'CONCENTRATE_MIX']",2,2,44.3,235.0,102000.0,MINIMUM,4,31,35
BLF2185,MALE_BULL,RED,SINDHI,"['JUMBOO', 'LUCERNE', 'NAPIER', 'SILAGE', 'STRAW', 'CORN', 'CONCENTRATE_MIX']",2,2,47.0,279.0,121000.0,MEDIUM,4,31,35
BLF2186,MALE_BULL,NON_RED,LOCAL,"['JUMBOO', 'LUCERNE', 'NAPIER', 'SILAGE', 'STRAW', 'CORN', 'CONCENTRATE_MIX']",2.5,4,43.0,245.0,105000.0,MINIMUM,4,31,35
BLF2187,MALE_BULL,RED,RED_CHITTAGONG,"['JUMBOO', 'LUCERNE', 'NAPIER', 'SILAGE', 'STRAW', 'CORN', 'CONCENTRATE_MIX']",2,2,44.0,254.0,112000.0,MINIMUM,4,31,35
BLF2188,MALE_BULL,NON_RED,LOCAL,"['JUMBOO', 'LUCERNE', 'NAPIER', 'SILAGE', 'STRAW', 'CORN', 'CONCENTRATE_MIX']",2,2,49.0,261.0,112000.0,MEDIUM,4,31,35
BLF2189,MALE_BULL,NON_RED,LOCAL,"['JUMBOO', 'LUCERNE', 'NAPIER', 'SILAGE', 'STRAW', 'CORN', 'CONCENTRATE_MIX']",2.5,4,47.0,260.0,111000.0,MEDIUM,4,31,35
BLF2190,MALE_BULL,RED,SINDHI,"['JUMBOO', 'LUCERNE', 'NAPIER', 'SILAGE', 'STRAW', 'CORN', 'CONCENTRATE_MIX']",2,2,48.0,269.0,116000.0,MEDIUM,4,31,35
BLF2191,MALE_BULL,RED,LOCAL,"['JUMBOO', 'LUCERNE', 'NAPIER', 'SILAGE', 'STRAW', 'CORN', 'CONCENTRATE_MIX']",2,2,43.0,220.0,94000.0,MINIMUM,4,31,35
BLF2192,MALE_BULL,RED,LOCAL,"['JUMBOO', 'LUCERNE', 'NAPIER', 'SILAGE', 'STRAW', 'CORN', 'CONCENTRATE_MIX']",2,2,45.6,244.0,106000.0,MEDIUM,4,31,35
BLF2193,MALE_BULL,RED,LOCAL,"['JUMBOO', 'LUCERNE', 'NAPIER', 'SILAGE', 'STRAW', 'CORN', 'CONCENTRATE_MIX']",2,2,47.2,252.0,106000.0,MEDIUM,4,31,35
BLF2194,MALE_BULL,RED,LOCAL,"['JUMBOO', 'LUCERNE', 'NAPIER', 'SILAGE', 'STRAW', 'CORN', 'CONCENTRATE_MIX']",2,2,42.2,196.0,85000.0,MINIMUM,4,31,35
BLF2195,MALE_BULL,NON_RED,LOCAL,"['JUMBOO', 'LUCERNE', 'NAPIER', 'SILAGE', 'STRAW', 'CORN', 'CONCENTRATE_MIX']",2,2,44.0,216.0,92000.0,MINIMUM,4,31,35
BLF2196,MALE_BULL,NON_RED,LOCAL,"['JUMBOO', 'LUCERNE', 'NAPIER', 'SILAGE', 'STRAW', 'CORN', 'CONCENTRATE_MIX']",2,2,46.0,248.0,106000.0,MEDIUM,4,31,35
BLF2197,MALE_BULL,NON_RED,LOCAL,"['JUMBOO', 'LUCERNE', 'NAPIER', 'SILAGE', 'STRAW', 'CORN', 'CONCENTRATE_MIX']",2,2,48.3,227.0,97000.0,MEDIUM,4,31,35
BLF2198,MALE_BULL,RED,RED_CHITTAGONG,"['JUMBOO', 'LUCERNE', 'NAPIER', 'SILAGE', 'STRAW', 'CORN', 'CONCENTRATE_MIX']",2,2,48.0,266.0,118000.0,MEDIUM,4,31,35
BLF2199,MALE_BULL,RED,LOCAL,"['JUMBOO', 'LUCERNE', 'NAPIER', 'SILAGE', 'STRAW', 'CORN', 'CONCENTRATE_MIX']",2.5,4,45.7,229.0,99000.0,MEDIUM,4,31,35
BLF2200,MALE_BULL,NON_RED,LOCAL,"['JUMBOO', 'LUCERNE', 'NAPIER', 'SILAGE', 'STRAW', 'CORN', 'CONCENTRATE_MIX']",2,2,49.4,217.0,93000.0,MEDIUM,4,31,35
BLF2201,MALE_BULL,NON_RED,LOCAL,"['JUMBOO', 'LUCERNE', 'NAPIER', 'SILAGE', 'STRAW', 'CORN', 'CONCENTRATE_MIX']",2,2,49.8,257.0,110000.0,MEDIUM,4,31,35
BLF2202,MALE_BULL,RED,LOCAL,"['JUMBOO', 'LUCERNE', 'NAPIER', 'SILAGE', 'STRAW', 'CORN', 'CONCENTRATE_MIX']",2.5,4,45.0,209.0,91000.0,MEDIUM,4,31,35
BLF2203,MALE_BULL,NON_RED,LOCAL,"['JUMBOO', 'LUCERNE', 'NAPIER', 'SILAGE', 'STRAW', 'CORN', 'CONCENTRATE_MIX']",2.5,4,42.9,196.0,84000.0,MINIMUM,4,31,35
BLF2204,MALE_BULL,RED,LOCAL,"['JUMBOO', 'LUCERNE', 'NAPIER', 'SILAGE', 'STRAW', 'CORN', 'CONCENTRATE_MIX']",2.5,4,43.1,201.0,87000.0,MINIMUM,4,31,35
BLF2205,MALE_BULL,NON_RED,LOCAL,"['JUMBOO', 'LUCERNE', 'NAPIER', 'SILAGE', 'STRAW', 'CORN', 'CONCENTRATE_MIX']",2.5,4,46.0,227.0,97000.0,MEDIUM,4,31,35
BLF2206,MALE_BULL,NON_RED,LOCAL,"['JUMBOO', 'LUCERNE', 'NAPIER', 'SILAGE', 'STRAW', 'CORN', 'CONCENTRATE_MIX']",2.5,4,52.8,299.0,127000.0,LARGE,4,31,35
BLF2207,MALE_BULL,RED,LOCAL,"['JUMBOO', 'LUCERNE', 'NAPIER', 'SILAGE', 'STRAW', 'CORN', 'CONCENTRATE_MIX']",2.5,4,51.5,261.0,113000.0,LARGE,4,31,35
BLF2208,MALE_BULL,NON_RED,LOCAL,"['JUMBOO', 'LUCERNE', 'NAPIER', 'SILAGE', 'STRAW', 'CORN', 'CONCENTRATE_MIX']",2.5,4,47.2,222.0,95000.0,MEDIUM,4,31,35
BLF2209,MALE_BULL,NON_RED,LOCAL,"['JUMBOO', 'LUCERNE', 'NAPIER', 'SILAGE', 'STRAW', 'CORN', 'CONCENTRATE_MIX']",2.5,4,50.7,262.0,113000.0,MEDIUM,4,31,35
BLF2210,MALE_BULL,RED,LOCAL,"['JUMBOO', 'LUCERNE', 'NAPIER', 'SILAGE', 'STRAW', 'CORN', 'CONCENTRATE_MIX']",2.5,4,55.0,311.0,134000.0,LARGE,4,31,35
BLF2211,MALE_BULL,NON_RED,LOCAL,"['JUMBOO', 'LUCERNE', 'NAPIER', 'SILAGE', 'STRAW', 'CORN', 'CONCENTRATE_MIX']",2.5,4,42.0,189.0,81000.0,MINIMUM,4,27,31
BLF2212,MALE_BULL,NON_RED,LOCAL,"['JUMBOO', 'LUCERNE', 'NAPIER', 'SILAGE', 'STRAW', 'CORN', 'CONCENTRATE_MIX']",2.5,4,43.1,210.0,90000.0,MINIMUM,4,31,35
BLF2213,MALE_BULL,RED,LOCAL,"['JUMBOO', 'LUCERNE', 'NAPIER', 'SILAGE', 'STRAW', 'CORN', 'CONCENTRATE_MIX']",2.5,4,44.4,194.0,85000.0,MINIMUM,4,31,35
BLF2214,MALE_BULL,NON_RED,LOCAL,"['JUMBOO', 'LUCERNE', 'NAPIER', 'SILAGE', 'STRAW', 'CORN', 'CONCENTRATE_MIX']",2,2,46.0,252.0,107000.0,MEDIUM,4,31,35
BLF2215,MALE_BULL,RED,LOCAL,"['JUMBOO', 'LUCERNE', 'NAPIER', 'SILAGE', 'STRAW', 'CORN', 'CONCENTRATE_MIX']",2,2,50.4,275.0,119000.0,MEDIUM,4,31,35
BLF2216,MALE_BULL,NON_RED,LOCAL,"['JUMBOO', 'LUCERNE', 'NAPIER', 'SILAGE', 'STRAW', 'CORN', 'CONCENTRATE_MIX']",2.5,4,47.0,232.0,99000.0,MEDIUM,4,31,35
BLF2217,MALE_BULL,NON_RED,LOCAL,"['JUMBOO', 'LUCERNE', 'NAPIER', 'SILAGE', 'STRAW', 'CORN', 'CONCENTRATE_MIX']",2,2,46.0,230.0,98000.0,MEDIUM,4,31,35
BLF2218,MALE_BULL,NON_RED,LOCAL,"['JUMBOO', 'LUCERNE', 'NAPIER', 'SILAGE', 'STRAW', 'CORN', 'CONCENTRATE_MIX']",2.5,4,47.5,219.0,95000.0,MEDIUM,4,31,35
BLF2219,MALE_BULL,RED,LOCAL,"['JUMBOO', 'LUCERNE', 'NAPIER', 'SILAGE', 'STRAW', 'CORN', 'CONCENTRATE_MIX']",2,2,44.3,229.0,99000.0,MINIMUM,4,29,33
BLF2220,MALE_BULL,RED,LOCAL,"['JUMBOO', 'LUCERNE', 'NAPIER', 'SILAGE', 'STRAW', 'CORN', 'CONCENTRATE_MIX']",3,6,45.0,216.0,94000.0,MEDIUM,4,31,35
BLF2221,MALE_BULL,NON_RED,LOCAL,"['JUMBOO', 'LUCERNE', 'NAPIER', 'SILAGE', 'STRAW', 'CORN', 'CONCENTRATE_MIX']",2.5,4,47.0,239.0,102000.0,MEDIUM,4,31,35
BLF2222,MALE_BULL,RED,LOCAL,"['JUMBOO', 'LUCERNE', 'NAPIER', 'SILAGE', 'STRAW', 'CORN', 'CONCENTRATE_MIX']",2,2,46.0,232.0,100000.0,MEDIUM,4,31,35
BLF2223,MALE_BULL,RED,LOCAL,"['JUMBOO', 'LUCERNE', 'NAPIER', 'SILAGE', 'STRAW', 'CORN', 'CONCENTRATE_MIX']",2,2,47.0,236.0,102000.0,MEDIUM,4,31,35
BLF2224,MALE_BULL,RED,LOCAL,"['JUMBOO', 'LUCERNE', 'NAPIER', 'SILAGE', 'STRAW', 'CORN', 'CONCENTRATE_MIX']",2.5,4,48.0,194.0,85000.0,MEDIUM,4,31,35
BLF2225,MALE_BULL,RED,RED_CHITTAGONG,"['JUMBOO', 'LUCERNE', 'NAPIER', 'SILAGE', 'STRAW', 'CORN', 'CONCENTRATE_MIX']",2,2,46.9,244.0,106000.0,MEDIUM,4,31,35
BLF2226,MALE_BULL,NON_RED,LOCAL,"['JUMBOO', 'LUCERNE', 'NAPIER', 'SILAGE', 'STRAW', 'CORN', 'CONCENTRATE_MIX']",2,2,49.6,261.0,111000.0,MEDIUM,4,31,35
BLF2227,MALE_BULL,NON_RED,LOCAL,"['JUMBOO', 'LUCERNE', 'NAPIER', 'SILAGE', 'STRAW', 'CORN', 'CONCENTRATE_MIX']",2,2,46.0,245.0,105000.0,MEDIUM,4,31,35
BLF2228,MALE_BULL,RED,LOCAL,"['JUMBOO', 'LUCERNE', 'NAPIER', 'SILAGE', 'STRAW', 'CORN', 'CONCENTRATE_MIX']",2.5,4,45.5,207.0,90000.0,MEDIUM,4,30,34
BLF2229,MALE_BULL,NON_RED,LOCAL,"['JUMBOO', 'LUCERNE', 'NAPIER', 'SILAGE', 'STRAW', 'CORN', 'CONCENTRATE_MIX']",2.5,4,48.0,246.0,105000.0,MEDIUM,4,31,35
BLF2230,MALE_BULL,RED,LOCAL,"['JUMBOO', 'LUCERNE', 'NAPIER', 'SILAGE', 'STRAW', 'CORN', 'CONCENTRATE_MIX']",2.5,4,45.0,185.0,78000.0,MEDIUM,4,31,35
BLF2231,MALE_BULL,RED,LOCAL,"['JUMBOO', 'LUCERNE', 'NAPIER', 'SILAGE', 'STRAW', 'CORN', 'CONCENTRATE_MIX']",2.5,4,45.4,261.0,114000.0,MEDIUM,4,31,35
BLF2232,MALE_BULL,RED,LOCAL,"['JUMBOO', 'LUCERNE', 'NAPIER', 'SILAGE', 'STRAW', 'CORN', 'CONCENTRATE_MIX']",2.5,4,42.2,214.0,93000.0,MINIMUM,4,31,35
BLF2233,MALE_BULL,NON_RED,LOCAL,"['JUMBOO', 'LUCERNE', 'NAPIER', 'SILAGE', 'STRAW', 'CORN', 'CONCENTRATE_MIX']",2.5,4,45.0,205.0,89000.0,MEDIUM,4,31,35
BLF2234,MALE_BULL,RED,LOCAL,"['JUMBOO', 'LUCERNE', 'NAPIER', 'SILAGE', 'STRAW', 'CORN', 'CONCENTRATE_MIX']",2.5,4,44.0,197.0,86000.0,MINIMUM,4,31,35
BLF2235,MALE_BULL,NON_RED,LOCAL,"['JUMBOO', 'LUCERNE', 'NAPIER', 'SILAGE', 'STRAW', 'CORN', 'CONCENTRATE_MIX']",2.5,4,46.9,229.0,99000.0,MEDIUM,4,31,35
BLF2236,MALE_BULL,RED,LOCAL,"['JUMBOO', 'LUCERNE', 'NAPIER', 'SILAGE', 'STRAW', 'CORN', 'CONCENTRATE_MIX']",2.5,4,45.0,199.0,87000.0,MEDIUM,4,31,35
BLF2237,MALE_BULL,NON_RED,LOCAL,"['JUMBOO', 'LUCERNE', 'NAPIER', 'SILAGE', 'STRAW', 'CORN', 'CONCENTRATE_MIX']",2.5,4,45.5,203.0,87000.0,MEDIUM,4,31,35
BLF2238,MALE_BULL,RED,LOCAL,"['JUMBOO', 'LUCERNE', 'NAPIER', 'SILAGE', 'STRAW', 'CORN', 'CONCENTRATE_MIX']",2.5,4,43.5,189.0,83000.0,MINIMUM,4,31,35
BLF2239,MALE_BULL,NON_RED,LOCAL,"['JUMBOO', 'LUCERNE', 'NAPIER', 'SILAGE', 'STRAW', 'CORN', 'CONCENTRATE_MIX']",2.5,4,49.0,245.0,105000.0,MEDIUM,4,31,35
BLF2240,MALE_BULL,NON_RED,LOCAL,"['JUMBOO', 'LUCERNE', 'NAPIER', 'SILAGE', 'STRAW', 'CORN', 'CONCENTRATE_MIX']",2.5,4,46.8,217.0,94000.0,MEDIUM,4,31,35
BLF2241,MALE_BULL,NON_RED,LOCAL,"['JUMBOO', 'LUCERNE', 'NAPIER', 'SILAGE', 'STRAW', 'CORN', 'CONCENTRATE_MIX']",2.5,4,47.0,213.0,91000.0,MEDIUM,4,31,35
BLF2242,MALE_BULL,RED,LOCAL,"['JUMBOO', 'LUCERNE', 'NAPIER', 'SILAGE', 'STRAW', 'CORN', 'CONCENTRATE_MIX']",2,2,45.0,224.0,97000.0,MEDIUM,4,30,34
BLF2243,MALE_BULL,RED,LOCAL,"['JUMBOO', 'LUCERNE', 'NAPIER', 'SILAGE', 'STRAW', 'CORN', 'CONCENTRATE_MIX']",2,2,46.0,251.0,110000.0,MEDIUM,4,31,35
BLF2244,MALE_BULL,RED,SINDHI,"['JUMBOO', 'LUCERNE', 'NAPIER', 'SILAGE', 'STRAW', 'CORN', 'CONCENTRATE_MIX']",2,2,47.0,226.0,99000.0,MEDIUM,4,31,35
BLF2245,MALE_BULL,RED,SINDHI,"['JUMBOO', 'LUCERNE', 'NAPIER', 'SILAGE', 'STRAW', 'CORN', 'CONCENTRATE_MIX']",2,2,46.8,258.0,112000.0,MEDIUM,4,31,35
BLF2246,MALE_BULL,RED,LOCAL,"['JUMBOO', 'LUCERNE', 'NAPIER', 'SILAGE', 'STRAW', 'CORN', 'CONCENTRATE_MIX']",2,2,45.0,228.0,99000.0,MEDIUM,4,31,35
BLF2247,MALE_BULL,RED,LOCAL,"['JUMBOO', 'LUCERNE', 'NAPIER', 'SILAGE', 'STRAW', 'CORN', 'CONCENTRATE_MIX']",2,2,43.4,200.0,87000.0,MINIMUM,4,31,35
BLF2248,MALE_BULL,RED,LOCAL,"['JUMBOO', 'LUCERNE', 'NAPIER', 'SILAGE', 'STRAW', 'CORN', 'CONCENTRATE_MIX']",2.5,4,50.0,255.0,110000.0,MEDIUM,4,31,35
BLF2249,MALE_BULL,RED,LOCAL,"['JUMBOO', 'LUCERNE', 'NAPIER', 'SILAGE', 'STRAW', 'CORN', 'CONCENTRATE_MIX']",2.5,4,45.5,211.0,92000.0,MEDIUM,4,31,35
BLF2250,MALE_BULL,RED,LOCAL,"['JUMBOO', 'LUCERNE', 'NAPIER', 'SILAGE', 'STRAW', 'CORN', 'CONCENTRATE_MIX']",2.5,4,43.0,210.0,91000.0,MINIMUM,4,31,35
BLF2251,MALE_BULL,RED,RED_CHITTAGONG,"['JUMBOO', 'LUCERNE', 'NAPIER', 'SILAGE', 'STRAW', 'CORN', 'CONCENTRATE_MIX']",2,2,47.0,256.0,114000.0,MEDIUM,4,31,35
BLF2252,MALE_BULL,RED,LOCAL,"['JUMBOO', 'LUCERNE', 'NAPIER', 'SILAGE', 'STRAW', 'CORN', 'CONCENTRATE_MIX']",2,2,47.7,246.0,107000.0,MEDIUM,4,31,35
BLF2253,MALE_BULL,RED,RED_CHITTAGONG,"['JUMBOO', 'LUCERNE', 'NAPIER', 'SILAGE', 'STRAW', 'CORN', 'CONCENTRATE_MIX']",2,2,50.5,268.0,118000.0,MEDIUM,4,31,35
BLF2254,MALE_BULL,RED,LOCAL,"['JUMBOO', 'LUCERNE', 'NAPIER', 'SILAGE', 'STRAW', 'CORN', 'CONCENTRATE_MIX']",2.5,4,45.3,222.0,97000.0,MEDIUM,4,31,35
BLF2255,MALE_BULL,RED,LOCAL,"['JUMBOO', 'LUCERNE', 'NAPIER', 'SILAGE', 'STRAW', 'CORN', 'CONCENTRATE_MIX']",2.5,4,49.5,261.0,113000.0,MEDIUM,4,31,35
BLF2256,MALE_BULL,RED,LOCAL,"['JUMBOO', 'LUCERNE', 'NAPIER', 'SILAGE', 'STRAW', 'CORN', 'CONCENTRATE_MIX']",2,2,45.0,229.0,99000.0,MEDIUM,4,31,35
BLF2257,MALE_BULL,RED,LOCAL,"['JUMBOO', 'LUCERNE', 'NAPIER', 'SILAGE', 'STRAW', 'CORN', 'CONCENTRATE_MIX']",2.5,4,47.2,238.0,103000.0,MEDIUM,4,31,35
BLF2258,MALE_BULL,RED,SINDHI,"['JUMBOO', 'LUCERNE', 'NAPIER', 'SILAGE', 'STRAW', 'CORN', 'CONCENTRATE_MIX']",2,2,46.3,242.0,105000.0,MEDIUM,4,31,35
BLF2259,MALE_BULL,RED,LOCAL,"['JUMBOO', 'LUCERNE', 'NAPIER', 'SILAGE', 'STRAW', 'CORN', 'CONCENTRATE_MIX']",2,2,47.8,251.0,109000.0,MEDIUM,4,31,35
BLF2260,MALE_BULL,RED,LOCAL,"['JUMBOO', 'LUCERNE', 'NAPIER', 'SILAGE', 'STRAW', 'CORN', 'CONCENTRATE_MIX']",2,2,44.5,206.0,89000.0,MINIMUM,4,31,35
BLF2261,MALE_BULL,RED,LOCAL,"['JUMBOO', 'LUCERNE', 'NAPIER', 'SILAGE', 'STRAW', 'CORN', 'CONCENTRATE_MIX']",2,2,44.9,224.0,97000.0,MINIMUM,4,31,35
BLF2262,MALE_BULL,NON_RED,LOCAL,"['JUMBOO', 'LUCERNE', 'NAPIER', 'SILAGE', 'STRAW', 'CORN', 'CONCENTRATE_MIX']",2,2,46.2,213.0,91000.0,MEDIUM,4,31,35
BLF2263,MALE_BULL,NON_RED,PABNA_BREED,"['JUMBOO', 'LUCERNE', 'NAPIER', 'SILAGE', 'STRAW', 'CORN', 'CONCENTRATE_MIX']",2.5,4,43.5,225.0,96000.0,MINIMUM,4,31,35
BLF2264,MALE_BULL,NON_RED,LOCAL,"['JUMBOO', 'LUCERNE', 'NAPIER', 'SILAGE', 'STRAW', 'CORN', 'CONCENTRATE_MIX']",2,2,47.0,240.0,102000.0,MEDIUM,4,31,35
BLF2265,MALE_BULL,NON_RED,LOCAL,"['JUMBOO', 'LUCERNE', 'NAPIER', 'SILAGE', 'STRAW', 'CORN', 'CONCENTRATE_MIX']",2,2,49.0,226.0,97000.0,MEDIUM,4,31,35
BLF2266,MALE_BULL,RED,LOCAL,"['JUMBOO', 'LUCERNE', 'NAPIER', 'SILAGE', 'STRAW', 'CORN', 'CONCENTRATE_MIX']",2,2,47.6,257.0,111000.0,MEDIUM,4,31,35
BLF2267,MALE_BULL,RED,LOCAL,"['JUMBOO', 'LUCERNE', 'NAPIER', 'SILAGE', 'STRAW', 'CORN', 'CONCENTRATE_MIX']",2.5,4,48.5,222.0,96000.0,MEDIUM,4,31,35
BLF2268,MALE_BULL,RED,RED_CHITTAGONG,"['JUMBOO', 'LUCERNE', 'NAPIER', 'SILAGE', 'STRAW', 'CORN', 'CONCENTRATE_MIX']",2,2,48.0,224.0,99000.0,MEDIUM,4,31,35
BLF2269,MALE_BULL,RED,SAHIWAL,"['JUMBOO', 'LUCERNE', 'NAPIER', 'SILAGE', 'STRAW', 'CORN', 'CONCENTRATE_MIX']",2,2,47.5,250.0,109000.0,MEDIUM,4,31,35
BLF2270,MALE_BULL,RED,LOCAL,"['JUMBOO', 'LUCERNE', 'NAPIER', 'SILAGE', 'STRAW', 'CORN', 'CONCENTRATE_MIX']",2,2,44.8,222.0,96000.0,MINIMUM,4,31,35
BLF2271,MALE_BULL,RED,LOCAL,"['JUMBOO', 'LUCERNE', 'NAPIER', 'SILAGE', 'STRAW', 'CORN', 'CONCENTRATE_MIX']",2,2,43.1,225.0,98000.0,MINIMUM,4,31,35
BLF2272,MALE_BULL,RED,RED_CHITTAGONG,"['JUMBOO', 'LUCERNE', 'NAPIER', 'SILAGE', 'STRAW', 'CORN', 'CONCENTRATE_MIX']",2,2,47.0,239.0,103000.0,MEDIUM,4,31,35
BLF2273,MALE_BULL,RED,LOCAL,"['JUMBOO', 'LUCERNE', 'NAPIER', 'SILAGE', 'STRAW', 'CORN', 'CONCENTRATE_MIX']",2,2,44.9,208.0,90000.0,MINIMUM,4,31,35
BLF2274,MALE_BULL,RED,LOCAL,"['JUMBOO', 'LUCERNE', 'NAPIER', 'SILAGE', 'STRAW', 'CORN', 'CONCENTRATE_MIX']",2.5,4,45.6,235.0,102000.0,MEDIUM,4,31,35
BLF2275,MALE_BULL,RED,LOCAL,"['JUMBOO', 'LUCERNE', 'NAPIER', 'SILAGE', 'STRAW', 'CORN', 'CONCENTRATE_MIX']",2,2,45.9,231.0,100000.0,MEDIUM,4,31,35
BLF2276,MALE_BULL,RED,RED_CHITTAGONG,"['JUMBOO', 'LUCERNE', 'NAPIER', 'SILAGE', 'STRAW', 'CORN', 'CONCENTRATE_MIX']",2,2,45.6,229.0,100000.0,MEDIUM,4,31,35
BLF2277,MALE_BULL,RED,LOCAL,"['JUMBOO', 'LUCERNE', 'NAPIER', 'SILAGE', 'STRAW', 'CORN', 'CONCENTRATE_MIX']",2,2,42.0,210.0,91000.0,MINIMUM,4,31,35
BLF2278,MALE_BULL,RED,SAHIWAL,"['JUMBOO', 'LUCERNE', 'NAPIER', 'SILAGE', 'STRAW', 'CORN', 'CONCENTRATE_MIX']",2.5,4,44.2,212.0,92000.0,MINIMUM,4,31,35
BLF2279,MALE_BULL,RED,LOCAL,"['JUMBOO', 'LUCERNE', 'NAPIER', 'SILAGE', 'STRAW', 'CORN', 'CONCENTRATE_MIX']",2,2,44.3,231.0,100000.0,MINIMUM,4,31,35
BLF2280,MALE_BULL,RED,LOCAL,"['JUMBOO', 'LUCERNE', 'NAPIER', 'SILAGE', 'STRAW', 'CORN', 'CONCENTRATE_MIX']",2,2,41.6,183.0,80000.0,MINIMUM,4,31,35
BLF2281,MALE_BULL,RED,LOCAL,"['JUMBOO', 'LUCERNE', 'NAPIER', 'SILAGE', 'STRAW', 'CORN', 'CONCENTRATE_MIX']",2.5,4,44.6,241.0,105000.0,MINIMUM,4,31,35
BLF2282,MALE_BULL,RED,LOCAL,"['JUMBOO', 'LUCERNE', 'NAPIER', 'SILAGE', 'STRAW', 'CORN', 'CONCENTRATE_MIX']",2,2,46.8,251.0,109000.0,MEDIUM,4,31,35
BLF2283,MALE_BULL,RED,LOCAL,"['JUMBOO', 'LUCERNE', 'NAPIER', 'SILAGE', 'STRAW', 'CORN', 'CONCENTRATE_MIX']",2,2,46.0,220.0,96000.0,MEDIUM,4,31,35
BLF2284,MALE_BULL,RED,LOCAL,"['JUMBOO', 'LUCERNE', 'NAPIER', 'SILAGE', 'STRAW', 'CORN', 'CONCENTRATE_MIX']",2,2,42.0,164.0,74000.0,MINIMUM,4,31,35
BLF2285,MALE_BULL,RED,LOCAL,"['JUMBOO', 'LUCERNE', 'NAPIER', 'SILAGE', 'STRAW', 'CORN', 'CONCENTRATE_MIX']",2,2,43.0,224.0,97000.0,MINIMUM,4,31,35
BLF2286,MALE_BULL,RED,LOCAL,"['JUMBOO', 'LUCERNE', 'NAPIER', 'SILAGE', 'STRAW', 'CORN', 'CONCENTRATE_MIX']",2,2,44.0,208.0,91000.0,MINIMUM,4,31,35
BLF2287,MALE_BULL,RED,LOCAL,"['JUMBOO', 'LUCERNE', 'NAPIER', 'SILAGE', 'STRAW', 'CORN', 'CONCENTRATE_MIX']",2.5,4,45.9,176.0,78000.0,MEDIUM,4,31,35
BLF2288,MALE_BULL,RED,LOCAL,"['JUMBOO', 'LUCERNE', 'NAPIER', 'SILAGE', 'STRAW', 'CORN', 'CONCENTRATE_MIX']",2.5,4,43.0,174.0,76000.0,MINIMUM,4,31,35
BLF2289,MALE_BULL,RED,RED_CHITTAGONG,"['JUMBOO', 'LUCERNE', 'NAPIER', 'SILAGE', 'STRAW', 'CORN', 'CONCENTRATE_MIX']",2.5,4,44.0,180.0,81000.0,MINIMUM,4,31,35
BLF2290,MALE_BULL,RED,LOCAL,"['JUMBOO', 'LUCERNE', 'NAPIER', 'SILAGE', 'STRAW', 'CORN', 'CONCENTRATE_MIX']",2,2,45.7,186.0,82000.0,MEDIUM,4,31,35
BLF2291,MALE_BULL,RED,LOCAL,"['JUMBOO', 'LUCERNE', 'NAPIER', 'SILAGE', 'STRAW', 'CORN', 'CONCENTRATE_MIX']",2,2,39.0,160.0,73000.0,MINIMUM,4,31,35
BLF2292,MALE_BULL,NON_RED,LOCAL,"['JUMBOO', 'LUCERNE', 'NAPIER', 'SILAGE', 'STRAW', 'CORN', 'CONCENTRATE_MIX']",2,2,41.4,162.0,72000.0,MINIMUM,4,31,35
BLF2293,MALE_BULL,RED,LOCAL,"['JUMBOO', 'LUCERNE', 'NAPIER', 'SILAGE', 'STRAW', 'CORN', 'CONCENTRATE_MIX']",2,2,41.0,170.0,75000.0,MINIMUM,4,31,35
BLF2294,MALE_BULL,RED,LOCAL,"['JUMBOO', 'LUCERNE', 'NAPIER', 'SILAGE', 'STRAW', 'CORN', 'CONCENTRATE_MIX']",2,2,41.5,154.0,70000.0,MINIMUM,4,31,35
BLF2295,MALE_BULL,RED,RED_CHITTAGONG,"['JUMBOO', 'LUCERNE', 'NAPIER', 'SILAGE', 'STRAW', 'CORN', 'CONCENTRATE_MIX']",2,2,44.0,199.0,87000.0,MINIMUM,4,31,35
BLF2296,MALE_BULL,RED,SINDHI,"['JUMBOO', 'LUCERNE', 'NAPIER', 'SILAGE', 'STRAW', 'CORN', 'CONCENTRATE_MIX']",2,2,47.0,211.0,92000.0,MEDIUM,4,31,35
BLF2297,MALE_BULL,RED,LOCAL,"['JUMBOO', 'LUCERNE', 'NAPIER', 'SILAGE', 'STRAW', 'CORN', 'CONCENTRATE_MIX']",2.5,4,45.1,247.0,108000.0,MEDIUM,4,31,35
BLF2298,MALE_BULL,RED,LOCAL,"['JUMBOO', 'LUCERNE', 'NAPIER', 'SILAGE', 'STRAW', 'CORN', 'CONCENTRATE_MIX']",2,2,43.7,218.0,95000.0,MINIMUM,4,31,35
BLF2299,MALE_BULL,RED,LOCAL,"['JUMBOO', 'LUCERNE', 'NAPIER', 'SILAGE', 'STRAW', 'CORN', 'CONCENTRATE_MIX']",2,2,47.9,237.0,103000.0,MEDIUM,4,31,35
BLF2300,MALE_BULL,RED,LOCAL,"['JUMBOO', 'LUCERNE', 'NAPIER', 'SILAGE', 'STRAW', 'CORN', 'CONCENTRATE_MIX']",2,2,44.5,197.0,87000.0,MINIMUM,4,31,35
BLF2301,MALE_BULL,RED,LOCAL,"['JUMBOO', 'LUCERNE', 'NAPIER', 'SILAGE', 'STRAW', 'CORN', 'CONCENTRATE_MIX']",2.5,4,48.3,218.0,95000.0,MEDIUM,4,31,35
BLF2302,MALE_BULL,RED,LOCAL,"['JUMBOO', 'LUCERNE', 'NAPIER', 'SILAGE', 'STRAW', 'CORN', 'CONCENTRATE_MIX']",2,2,43.0,173.0,77000.0,MINIMUM,4,31,35
BLF2303,MALE_BULL,RED,LOCAL,"['JUMBOO', 'LUCERNE', 'NAPIER', 'SILAGE', 'STRAW', 'CORN', 'CONCENTRATE_MIX']",2.5,4,50.9,300.0,129000.0,MEDIUM,4,31,35
BLF2304,MALE_BULL,RED,SINDHI,"['JUMBOO', 'LUCERNE', 'NAPIER', 'SILAGE', 'STRAW', 'CORN', 'CONCENTRATE_MIX']",2,2,49.8,230.0,99000.0,MEDIUM,4,31,35
BLF2305,MALE_BULL,RED,LOCAL,"['JUMBOO', 'LUCERNE', 'NAPIER', 'SILAGE', 'STRAW', 'CORN', 'CONCENTRATE_MIX']",2,2,46.9,221.0,96000.0,MEDIUM,4,31,35
BLF2306,MALE_BULL,RED,SAHIWAL,"['JUMBOO', 'LUCERNE', 'NAPIER', 'SILAGE', 'STRAW', 'CORN', 'CONCENTRATE_MIX']",2,2,47.8,285.0,124000.0,MEDIUM,4,31,35
BLF2307,MALE_BULL,RED,SINDHI,"['JUMBOO', 'LUCERNE', 'NAPIER', 'SILAGE', 'STRAW', 'CORN', 'CONCENTRATE_MIX']",2.5,4,48.4,264.0,114000.0,MEDIUM,4,31,35
BLF2308,MALE_BULL,RED,LOCAL,"['JUMBOO', 'LUCERNE', 'NAPIER', 'SILAGE', 'STRAW', 'CORN', 'CONCENTRATE_MIX']",2,2,44.2,204.0,89000.0,MINIMUM,4,31,35
BLF2309,MALE_BULL,RED,LOCAL,"['JUMBOO', 'LUCERNE', 'NAPIER', 'SILAGE', 'STRAW', 'CORN', 'CONCENTRATE_MIX']",2.5,4,45.3,246.0,105000.0,MEDIUM,4,31,35
BLF2310,MALE_BULL,RED,LOCAL,"['JUMBOO', 'LUCERNE', 'NAPIER', 'SILAGE', 'STRAW', 'CORN', 'CONCENTRATE_MIX']",2,2,46.8,224.0,98000.0,MEDIUM,4,31,35
BLF2311,MALE_BULL,RED,RED_CHITTAGONG,"['JUMBOO', 'LUCERNE', 'NAPIER', 'SILAGE', 'STRAW', 'CORN', 'CONCENTRATE_MIX']",2.5,4,44.0,181.0,80000.0,MINIMUM,4,31,35
BLF2312,MALE_BULL,RED,LOCAL,"['JUMBOO', 'LUCERNE', 'NAPIER', 'SILAGE', 'STRAW', 'CORN', 'CONCENTRATE_MIX']",2,2,41.2,176.0,77000.0,MINIMUM,4,31,35
BLF2313,MALE_BULL,RED,LOCAL,"['JUMBOO', 'LUCERNE', 'NAPIER', 'SILAGE', 'STRAW', 'CORN', 'CONCENTRATE_MIX']",2,2,43.5,202.0,88000.0,MINIMUM,4,31,35
BLF2314,MALE_BULL,RED,LOCAL,"['JUMBOO', 'LUCERNE', 'NAPIER', 'SILAGE', 'STRAW', 'CORN', 'CONCENTRATE_MIX']",2,2,46.3,260.0,112000.0,MEDIUM,4,31,35
BLF2315,MALE_BULL,NON_RED,LOCAL,"['JUMBOO', 'LUCERNE', 'NAPIER', 'SILAGE', 'STRAW', 'CORN', 'CONCENTRATE_MIX']",2,2,43.0,191.0,83000.0,MINIMUM,4,31,35
BLF2316,MALE_BULL,RED,LOCAL,"['JUMBOO', 'LUCERNE', 'NAPIER', 'SILAGE', 'STRAW', 'CORN', 'CONCENTRATE_MIX']",2,2,43.0,191.0,83000.0,MEDIUM,4,31,35
BLF2317,MALE_BULL,NON_RED,LOCAL,"['JUMBOO', 'LUCERNE', 'NAPIER', 'SILAGE', 'STRAW', 'CORN', 'CONCENTRATE_MIX']",2,2,47.0,182.0,79000.0,MEDIUM,4,31,35
BLF2318,MALE_BULL,NON_RED,LOCAL,"['JUMBOO', 'LUCERNE', 'NAPIER', 'SILAGE', 'STRAW', 'CORN', 'CONCENTRATE_MIX']",2,2,42.3,161.0,71000.0,MINIMUM,4,31,35
BLF2319,MALE_BULL,RED,LOCAL,"['JUMBOO', 'LUCERNE', 'NAPIER', 'SILAGE', 'STRAW', 'CORN', 'CONCENTRATE_MIX']",2.5,4,43.6,227.0,99000.0,MINIMUM,4,31,35
BLF2320,MALE_BULL,NON_RED,LOCAL,"['JUMBOO', 'LUCERNE', 'NAPIER', 'SILAGE', 'STRAW', 'CORN', 'CONCENTRATE_MIX']",2,2,46.0,215.0,92000.0,MEDIUM,4,31,35
BLF2321,MALE_BULL,RED,LOCAL,"['JUMBOO', 'LUCERNE', 'NAPIER', 'SILAGE', 'STRAW', 'CORN', 'CONCENTRATE_MIX']",2,2,45.7,179.0,79000.0,MEDIUM,4,31,35
BLF2322,MALE_BULL,RED,RED_CHITTAGONG,"['JUMBOO', 'LUCERNE', 'NAPIER', 'SILAGE', 'STRAW', 'CORN', 'CONCENTRATE_MIX']",2,2,40.0,178.0,80000.0,MINIMUM,4,31,35
BLF2323,MALE_BULL,RED,LOCAL,"['JUMBOO', 'LUCERNE', 'NAPIER', 'SILAGE', 'STRAW', 'CORN', 'CONCENTRATE_MIX']",2,2,43.0,252.0,109000.0,MINIMUM,4,31,35
BLF2324,MALE_BULL,NON_RED,LOCAL,"['JUMBOO', 'LUCERNE', 'NAPIER', 'SILAGE', 'STRAW', 'CORN', 'CONCENTRATE_MIX']",2,2,47.1,260.0,110000.0,MEDIUM,4,31,35
BLF2325,MALE_BULL,RED,LOCAL,"['JUMBOO', 'LUCERNE', 'NAPIER', 'SILAGE', 'STRAW', 'CORN', 'CONCENTRATE_MIX']",2,2,46.8,230.0,100000.0,MEDIUM,4,31,35
BLF2326,MALE_BULL,RED,LOCAL,"['JUMBOO', 'LUCERNE', 'NAPIER', 'SILAGE', 'STRAW', 'CORN', 'CONCENTRATE_MIX']",2,2,44.5,244.0,106000.0,MINIMUM,4,31,35
BLF2327,MALE_BULL,RED,LOCAL,"['JUMBOO', 'LUCERNE', 'NAPIER', 'SILAGE', 'STRAW', 'CORN', 'CONCENTRATE_MIX']",2,2,47.0,224.0,97000.0,MEDIUM,4,31,35
BLF2328,MALE_BULL,RED,LOCAL,"['JUMBOO', 'LUCERNE', 'NAPIER', 'SILAGE', 'STRAW', 'CORN', 'CONCENTRATE_MIX']",2,2,48.4,251.0,107930.0,MEDIUM,4,31,35
BLF2329,MALE_BULL,NON_RED,LOCAL,"['JUMBOO', 'LUCERNE', 'NAPIER', 'SILAGE', 'STRAW', 'CORN', 'CONCENTRATE_MIX']",2,2,44.3,198.0,85000.0,MINIMUM,4,31,35
BLF2330,MALE_BULL,RED,LOCAL,"['JUMBOO', 'LUCERNE', 'NAPIER', 'SILAGE', 'STRAW', 'CORN', 'CONCENTRATE_MIX']",2,2,46.0,231.0,100000.0,MEDIUM,4,31,35
BLF2332,MALE_BULL,RED,LOCAL,"['JUMBOO', 'LUCERNE', 'NAPIER', 'SILAGE', 'STRAW', 'CORN', 'CONCENTRATE_MIX']",2,2,39.0,150.0,66000.0,MINIMUM,4,31,35
BLF2333,MALE_BULL,RED,LOCAL,"['JUMBOO', 'LUCERNE', 'NAPIER', 'SILAGE', 'STRAW', 'CORN', 'CONCENTRATE_MIX']",2,2,46.9,207.0,90000.0,MEDIUM,4,31,35
BLF2335,MALE_BULL,RED,LOCAL,"['JUMBOO', 'LUCERNE', 'NAPIER', 'SILAGE', 'STRAW', 'CORN', 'CONCENTRATE_MIX']",2,2,45.0,155.0,75000.0,MINIMUM,4,31,35
BLF2343,MALE_BULL,NON_RED,LOCAL,"['JUMBOO', 'LUCERNE', 'NAPIER', 'SILAGE', 'STRAW', 'CORN', 'CONCENTRATE_MIX']",2,2,44.3,222.0,16000.0,MINIMUM,4,0,4
BLF2502,FEMALE_HEIFER,RED,BRAHMA,"['JUMBOO', 'LUCERNE', 'NAPIER', 'SILAGE', 'STRAW', 'CORN', 'CONCENTRATE_MIX']",3,6,57.6,816.0,335000.0,EXTRA_LARGE,4,31,35
BLF2503,FEMALE_HEIFER,RED,BRAHMA,"['JUMBOO', 'LUCERNE', 'NAPIER', 'SILAGE', 'STRAW', 'CORN', 'CONCENTRATE_MIX']",2.5,4,52.1,606.0,265000.0,LARGE,4,31,35
BLF2504,FEMALE_HEIFER,RED,SAHIWAL,"['JUMBOO', 'LUCERNE', 'NAPIER', 'SILAGE', 'STRAW', 'CORN', 'CONCENTRATE_MIX']",2,2,50.8,383.0,162000.0,MEDIUM,4,31,35
BLF2505,MALE_BULL,RED,SAHIWAL,"['JUMBOO', 'LUCERNE', 'NAPIER', 'SILAGE', 'STRAW', 'CORN', 'CONCENTRATE_MIX']",2,2,51.9,375.0,161000.0,LARGE,4,31,35
BLF2506,MALE_BULL,NON_RED,LOCAL,"['JUMBOO', 'LUCERNE', 'NAPIER', 'SILAGE', 'STRAW', 'CORN', 'CONCENTRATE_MIX']",2,2,54.0,430.0,180000.0,LARGE,4,31,35
BLF2507,MALE_BULL,NON_RED,PABNA_BREED,"['JUMBOO', 'LUCERNE', 'NAPIER', 'SILAGE', 'STRAW', 'CORN', 'CONCENTRATE_MIX']",2,2,54.0,340.0,143000.0,LARGE,4,31,35
BLF2508,MALE_BULL,NON_RED,LOCAL,"['JUMBOO', 'LUCERNE', 'NAPIER', 'SILAGE', 'STRAW', 'CORN', 'CONCENTRATE_MIX']",2,2,51.0,315.0,135000.0,LARGE,4,31,35
BLF2509,MALE_BULL,NON_RED,LOCAL,"['JUMBOO', 'LUCERNE', 'NAPIER', 'SILAGE', 'STRAW', 'CORN', 'CONCENTRATE_MIX']",2,2,51.0,322.0,138000.0,LARGE,4,31,35
BLF2510,FEMALE_HEIFER,RED,SAHIWAL,"['JUMBOO', 'LUCERNE', 'NAPIER', 'SILAGE', 'STRAW', 'CORN', 'CONCENTRATE_MIX']",2,2,45.6,243.0,103000.0,MEDIUM,4,31,35
BLF2511,FEMALE_HEIFER,RED,SAHIWAL,"['JUMBOO', 'LUCERNE', 'NAPIER', 'SILAGE', 'STRAW', 'CORN', 'CONCENTRATE_MIX']",2,2,45.6,280.0,121000.0,MEDIUM,4,31,35
BLF2512,MALE_BULL,RED,SAHIWAL,"['JUMBOO', 'LUCERNE', 'NAPIER', 'SILAGE', 'STRAW', 'CORN', 'CONCENTRATE_MIX']",2.5,4,55.0,457.0,197000.0,LARGE,4,31,35
BLF2513,MALE_BULL,RED,SAHIWAL,"['JUMBOO', 'LUCERNE', 'NAPIER', 'SILAGE', 'STRAW', 'CORN', 'CONCENTRATE_MIX']",2,2,54.9,415.0,179000.0,LARGE,4,31,35
BLF2514,MALE_BULL,NON_RED,HOSTINE_CROSS,"['JUMBOO', 'LUCERNE', 'NAPIER', 'SILAGE', 'STRAW', 'CORN', 'CONCENTRATE_MIX']",2,2,42.0,278.0,116000.0,MINIMUM,4,31,35
BLF2515,MALE_BULL,NON_RED,HOSTINE_CROSS,"['JUMBOO', 'LUCERNE', 'NAPIER', 'SILAGE', 'STRAW', 'CORN', 'CONCENTRATE_MIX']",2,2,50.0,438.0,185000.0,MEDIUM,4,31,35
BLF2516,MALE_BULL,RED,HOSTINE_CROSS,"['JUMBOO', 'LUCERNE', 'NAPIER', 'SILAGE', 'STRAW', 'CORN', 'CONCENTRATE_MIX']",2,2,50.0,355.0,24000.0,MEDIUM,4,31,35
BLF2517,MALE_BULL,RED,LOCAL,"['JUMBOO', 'LUCERNE', 'NAPIER', 'SILAGE', 'STRAW', 'CORN', 'CONCENTRATE_MIX']",2,2,45.6,247.0,107000.0,MEDIUM,4,31,35
BLF2518,MALE_BULL,RED,SINDHI,"['JUMBOO', 'LUCERNE', 'NAPIER', 'SILAGE', 'STRAW', 'CORN', 'CONCENTRATE_MIX']",2.5,4,50.0,330.0,142000.0,MEDIUM,4,31,35
BLF2519,MALE_BULL,RED,HOSTINE_CROSS,"['JUMBOO', 'LUCERNE', 'NAPIER', 'SILAGE', 'STRAW', 'CORN', 'CONCENTRATE_MIX']",2,2,57.0,545.0,230000.0,EXTRA_LARGE,4,31,35
BLF2520,MALE_BULL,RED,HOSTINE_CROSS,"['JUMBOO', 'LUCERNE', 'NAPIER', 'SILAGE', 'STRAW', 'CORN', 'CONCENTRATE_MIX']",2,2,47.0,378.0,163000.0,MEDIUM,4,31,35
BLF2521,MALE_BULL,NON_RED,LOCAL,"['JUMBOO', 'LUCERNE', 'NAPIER', 'SILAGE', 'STRAW', 'CORN', 'CONCENTRATE_MIX']",2,2,53.0,407.0,172000.0,LARGE,4,31,35
BLF2522,MALE_BULL,RED,SAHIWAL,"['JUMBOO', 'LUCERNE', 'NAPIER', 'SILAGE', 'STRAW', 'CORN', 'CONCENTRATE_MIX']",2,2,56.4,487.0,208000.0,EXTRA_LARGE,4,31,35
BLF2523,MALE_BULL,NON_RED,LOCAL,"['JUMBOO', 'LUCERNE', 'NAPIER', 'SILAGE', 'STRAW', 'CORN', 'CONCENTRATE_MIX']",2,2,49.0,280.0,119000.0,MEDIUM,4,31,35
BLF2524,MALE_BULL,NON_RED,LOCAL,"['JUMBOO', 'LUCERNE', 'NAPIER', 'SILAGE', 'STRAW', 'CORN', 'CONCENTRATE_MIX']",2,2,48.3,297.0,126000.0,MEDIUM,4,28,32
BLF2525,MALE_BULL,RED,SAHIWAL,"['JUMBOO', 'LUCERNE', 'NAPIER', 'SILAGE', 'STRAW', 'CORN', 'CONCENTRATE_MIX']",2,2,46.8,297.0,128000.0,MEDIUM,4,30,34
BLF2526,MALE_BULL,RED,LOCAL,"['JUMBOO', 'LUCERNE', 'NAPIER', 'SILAGE', 'STRAW', 'CORN', 'CONCENTRATE_MIX']",2,2,48.4,276.0,118000.0,MEDIUM,4,31,35
BLF2527,MALE_BULL,RED,SINDHI,"['JUMBOO', 'LUCERNE', 'NAPIER', 'SILAGE', 'STRAW', 'CORN', 'CONCENTRATE_MIX']",2,2,52.0,546.0,230000.0,LARGE,4,31,35
BLF2528,MALE_BULL,RED,SINDHI,"['JUMBOO', 'LUCERNE', 'NAPIER', 'SILAGE', 'STRAW', 'CORN', 'CONCENTRATE_MIX']",2,2,54.9,477.0,203000.0,LARGE,4,31,35
BLF2529,MALE_BULL,RED,LOCAL,"['JUMBOO', 'LUCERNE', 'NAPIER', 'SILAGE', 'STRAW', 'CORN', 'CONCENTRATE_MIX']",2,2,43.1,293.0,127000.0,MINIMUM,4,31,35
BLF2530,MALE_BULL,NON_RED,LOCAL,"['JUMBOO', 'LUCERNE', 'NAPIER', 'SILAGE', 'STRAW', 'CORN', 'CONCENTRATE_MIX']",2,2,51.0,389.0,163000.0,LARGE,4,30,34
BLF2531,MALE_BULL,RED,SINDHI,"['JUMBOO', 'LUCERNE', 'NAPIER', 'SILAGE', 'STRAW', 'CORN', 'CONCENTRATE_MIX']",2,2,49.0,380.0,26000.0,MEDIUM,4,31,35
BLF2532,MALE_BULL,RED,SAHIWAL,"['JUMBOO', 'LUCERNE', 'NAPIER', 'SILAGE', 'STRAW', 'CORN', 'CONCENTRATE_MIX']",2.5,4,50.2,365.0,158000.0,MEDIUM,4,31,35
BLF2533,MALE_BULL,NON_RED,HOSTINE_CROSS,"['JUMBOO', 'LUCERNE', 'NAPIER', 'SILAGE', 'STRAW', 'CORN', 'CONCENTRATE_MIX']",2.5,2,52.0,434.0,180000.0,LARGE,4,31,35
BLF2534,MALE_BULL,NON_RED,HOSTINE_CROSS,"['JUMBOO', 'LUCERNE', 'NAPIER', 'SILAGE', 'STRAW', 'CORN', 'CONCENTRATE_MIX']",2,2,50.9,390.0,162000.0,MEDIUM,4,31,35
BLF2535,MALE_BULL,NON_RED,HOSTINE_CROSS,"['JUMBOO', 'LUCERNE', 'NAPIER', 'SILAGE', 'STRAW', 'CORN', 'CONCENTRATE_MIX']",2,2,51.1,390.0,162000.0,MEDIUM,4,31,35
BLF2536,MALE_BULL,NON_RED,HOSTINE_CROSS,"['JUMBOO', 'LUCERNE', 'NAPIER', 'SILAGE', 'STRAW', 'CORN', 'CONCENTRATE_MIX']",2,2,48.3,511.0,210000.0,MEDIUM,4,31,35
BLF2537,MALE_BULL,NON_RED,HOSTINE_CROSS,"['JUMBOO', 'LUCERNE', 'NAPIER', 'SILAGE', 'STRAW', 'CORN', 'CONCENTRATE_MIX']",2,2,53.6,420.0,174000.0,LARGE,4,31,35
BLF2538,MALE_BULL,NON_RED,HOSTINE_CROSS,"['JUMBOO', 'LUCERNE', 'NAPIER', 'SILAGE', 'STRAW', 'CORN', 'CONCENTRATE_MIX']",2,2,53.6,477.0,197000.0,EXTRA_LARGE,4,31,35
BLF2539,MALE_BULL,NON_RED,HOSTINE_CROSS,"['JUMBOO', 'LUCERNE', 'NAPIER', 'SILAGE', 'STRAW', 'CORN', 'CONCENTRATE_MIX']",2,2,52.5,414.0,171000.0,LARGE,4,31,35
BLF2540,MALE_BULL,NON_RED,HOSTINE_CROSS,"['JUMBOO', 'LUCERNE', 'NAPIER', 'SILAGE', 'STRAW', 'CORN', 'CONCENTRATE_MIX']",2,2,52.0,440.0,182000.0,LARGE,4,31,35
BLF2541,MALE_BULL,NON_RED,HOSTINE_CROSS,"['JUMBOO', 'LUCERNE', 'NAPIER', 'SILAGE', 'STRAW', 'CORN', 'CONCENTRATE_MIX']",2,2,50.8,466.0,30000.0,MEDIUM,4,31,35
BLF2542,MALE_BULL,NON_RED,HOSTINE_CROSS,"['JUMBOO', 'LUCERNE', 'NAPIER', 'SILAGE', 'STRAW', 'CORN', 'CONCENTRATE_MIX']",2,2,51.0,421.0,174000.0,MEDIUM,4,31,35
BLF2543,MALE_BULL,NON_RED,HOSTINE_CROSS,"['JUMBOO', 'LUCERNE', 'NAPIER', 'SILAGE', 'STRAW', 'CORN', 'CONCENTRATE_MIX']",2,2,50.0,440.0,182000.0,MEDIUM,4,31,35
BLF2544,MALE_BULL,NON_RED,HOSTINE_CROSS,"['JUMBOO', 'LUCERNE', 'NAPIER', 'SILAGE', 'STRAW', 'CORN', 'CONCENTRATE_MIX']",2,2,47.1,378.0,25000.0,MEDIUM,4,31,35
BLF2545,MALE_BULL,NON_RED,LOCAL,"['JUMBOO', 'LUCERNE', 'NAPIER', 'SILAGE', 'STRAW', 'CORN', 'CONCENTRATE_MIX']",2,2,56.1,497.0,209000.0,EXTRA_LARGE,4,31,35
BLF2546,MALE_BULL,NON_RED,HOSTINE_CROSS,"['JUMBOO', 'LUCERNE', 'NAPIER', 'SILAGE', 'STRAW', 'CORN', 'CONCENTRATE_MIX']",2,2,51.0,419.0,173000.0,LARGE,4,31,35
BLF2547,MALE_BULL,NON_RED,HOSTINE_CROSS,"['JUMBOO', 'LUCERNE', 'NAPIER', 'SILAGE', 'STRAW', 'CORN', 'CONCENTRATE_MIX']",2,2,48.3,444.0,184000.0,MEDIUM,4,31,35
BLF2548,MALE_BULL,NON_RED,HOSTINE_CROSS,"['JUMBOO', 'LUCERNE', 'NAPIER', 'SILAGE', 'STRAW', 'CORN', 'CONCENTRATE_MIX']",2,2,50.8,444.0,184000.0,MEDIUM,4,31,35
BLF2549,MALE_BULL,NON_RED,HOSTINE_CROSS,"['JUMBOO', 'LUCERNE', 'NAPIER', 'SILAGE', 'STRAW', 'CORN', 'CONCENTRATE_MIX']",2,2,50.8,459.0,189000.0,MEDIUM,4,31,35
BLF2550,MALE_BULL,NON_RED,HOSTINE_CROSS,"['JUMBOO', 'LUCERNE', 'NAPIER', 'SILAGE', 'STRAW', 'CORN', 'CONCENTRATE_MIX']",2,2,51.1,440.0,182000.0,MEDIUM,4,31,35
BLF2551,MALE_BULL,NON_RED,HOSTINE_CROSS,"['JUMBOO', 'LUCERNE', 'NAPIER', 'SILAGE', 'STRAW', 'CORN', 'CONCENTRATE_MIX']",2,2,49.6,424.0,175000.0,MEDIUM,4,31,35
BLF2552,MALE_BULL,NON_RED,HOSTINE_CROSS,"['JUMBOO', 'LUCERNE', 'NAPIER', 'SILAGE', 'STRAW', 'CORN', 'CONCENTRATE_MIX']",2,2,52.0,412.0,170000.0,LARGE,4,31,35
BLF2553,MALE_BULL,NON_RED,HOSTINE_CROSS,"['JUMBOO', 'LUCERNE', 'NAPIER', 'SILAGE', 'STRAW', 'CORN', 'CONCENTRATE_MIX']",2,2,53.0,376.0,156000.0,LARGE,4,31,35
BLF2554,MALE_BULL,NON_RED,LOCAL,"['JUMBOO', 'LUCERNE', 'NAPIER', 'SILAGE', 'STRAW', 'CORN', 'CONCENTRATE_MIX']",2,2,45.2,254.0,109000.0,MEDIUM,4,31,35
BLF2555,MALE_BULL,NON_RED,LOCAL,"['JUMBOO', 'LUCERNE', 'NAPIER', 'SILAGE', 'STRAW', 'CORN', 'CONCENTRATE_MIX']",2.5,4,41.6,226.0,96000.0,MINIMUM,4,31,35
BLF2556,MALE_BULL,NON_RED,LOCAL,"['JUMBOO', 'LUCERNE', 'NAPIER', 'SILAGE', 'STRAW', 'CORN', 'CONCENTRATE_MIX']",2,2,51.0,381.0,26000.0,MEDIUM,4,31,35
BLF2557,MALE_BULL,NON_RED,LOCAL,"['JUMBOO', 'LUCERNE', 'NAPIER', 'SILAGE', 'STRAW', 'CORN', 'CONCENTRATE_MIX']",2,2,45.6,195.0,83000.0,MEDIUM,4,31,35
BLF2558,MALE_BULL,RED,SAHIWAL,"['JUMBOO', 'LUCERNE', 'NAPIER', 'SILAGE', 'STRAW', 'CORN', 'CONCENTRATE_MIX']",2,2,51.1,272.0,117000.0,MEDIUM,4,31,35
BLF2559,MALE_BULL,RED,SAHIWAL,"['JUMBOO', 'LUCERNE', 'NAPIER', 'SILAGE', 'STRAW', 'CORN', 'CONCENTRATE_MIX']",3,6,51.0,310.0,133000.0,MEDIUM,4,31,35
BLF2560,MALE_BULL,RED,SINDHI,"['JUMBOO', 'LUCERNE', 'NAPIER', 'SILAGE', 'STRAW', 'CORN', 'CONCENTRATE_MIX']",2,2,56.8,423.0,182000.0,EXTRA_LARGE,4,31,35
BLF2561,MALE_BULL,RED,SINDHI,"['JUMBOO', 'LUCERNE', 'NAPIER', 'SILAGE', 'STRAW', 'CORN', 'CONCENTRATE_MIX']",2,2,48.4,289.0,125000.0,MEDIUM,4,31,35
BLF2562,MALE_BULL,NON_RED,LOCAL,"['JUMBOO', 'LUCERNE', 'NAPIER', 'SILAGE', 'STRAW', 'CORN', 'CONCENTRATE_MIX']",2.5,4,45.4,230.0,97000.0,MEDIUM,4,31,35
BLF2563,MALE_BULL,NON_RED,LOCAL,"['JUMBOO', 'LUCERNE', 'NAPIER', 'SILAGE', 'STRAW', 'CORN', 'CONCENTRATE_MIX']",2.5,4,42.9,206.0,87000.0,MINIMUM,4,31,35
BLF2564,MALE_BULL,RED,LOCAL,"['JUMBOO', 'LUCERNE', 'NAPIER', 'SILAGE', 'STRAW', 'CORN', 'CONCENTRATE_MIX']",2,2,42.0,192.0,83000.0,MEDIUM,4,31,35
BLF2565,MALE_BULL,NON_RED,LOCAL,"['JUMBOO', 'LUCERNE', 'NAPIER', 'SILAGE', 'STRAW', 'CORN', 'CONCENTRATE_MIX']",2,2,46.5,234.0,99000.0,MEDIUM,4,31,35
BLF2566,MALE_BULL,RED,LOCAL,"['JUMBOO', 'LUCERNE', 'NAPIER', 'SILAGE', 'STRAW', 'CORN', 'CONCENTRATE_MIX']",2,2,43.1,188.0,82000.0,MINIMUM,4,30,34
BLF2567,MALE_BULL,NON_RED,LOCAL,"['JUMBOO', 'LUCERNE', 'NAPIER', 'SILAGE', 'STRAW', 'CORN', 'CONCENTRATE_MIX']",2,2,43.4,216.0,92000.0,MINIMUM,4,31,35
BLF2568,MALE_BULL,NON_RED,LOCAL,"['JUMBOO', 'LUCERNE', 'NAPIER', 'SILAGE', 'STRAW', 'CORN', 'CONCENTRATE_MIX']",2,2,41.0,187.0,80000.0,MINIMUM,4,31,35
BLF2569,MALE_BULL,RED,LOCAL,"['JUMBOO', 'LUCERNE', 'NAPIER', 'SILAGE', 'STRAW', 'CORN', 'CONCENTRATE_MIX']",2.5,4,47.0,276.0,118000.0,MEDIUM,4,31,35
BLF2570,MALE_BULL,RED,LOCAL,"['JUMBOO', 'LUCERNE', 'NAPIER', 'SILAGE', 'STRAW', 'CORN', 'CONCENTRATE_MIX']",2,2,49.6,258.0,110000.0,MEDIUM,4,31,35
BLF2571,MALE_BULL,RED,SAHIWAL,"['JUMBOO', 'LUCERNE', 'NAPIER', 'SILAGE', 'STRAW', 'CORN', 'CONCENTRATE_MIX']",2,2,52.3,382.0,164000.0,LARGE,4,31,35
BLF2572,MALE_BULL,NON_RED,LOCAL,"['JUMBOO', 'LUCERNE', 'NAPIER', 'SILAGE', 'STRAW', 'CORN', 'CONCENTRATE_MIX']",2.5,4,46.8,254.0,109000.0,MEDIUM,4,31,35
BLF2573,MALE_BULL,NON_RED,LOCAL,"['JUMBOO', 'LUCERNE', 'NAPIER', 'SILAGE', 'STRAW', 'CORN', 'CONCENTRATE_MIX']",2.5,4,43.0,250.0,106000.0,MINIMUM,4,31,35
BLF2574,MALE_BULL,NON_RED,LOCAL,"['JUMBOO', 'LUCERNE', 'NAPIER', 'SILAGE', 'STRAW', 'CORN', 'CONCENTRATE_MIX']",2,2,43.1,200.0,85000.0,MINIMUM,4,30,34
BLF2575,MALE_BULL,NON_RED,LOCAL,"['JUMBOO', 'LUCERNE', 'NAPIER', 'SILAGE', 'STRAW', 'CORN', 'CONCENTRATE_MIX']",2,2,43.1,211.0,89000.0,MINIMUM,4,31,35
BLF2576,MALE_BULL,RED,LOCAL,"['JUMBOO', 'LUCERNE', 'NAPIER', 'SILAGE', 'STRAW', 'CORN', 'CONCENTRATE_MIX']",2,2,45.0,230.0,99000.0,MEDIUM,4,29,33
BLF2577,MALE_BULL,RED,SINDHI,"['JUMBOO', 'LUCERNE', 'NAPIER', 'SILAGE', 'STRAW', 'CORN', 'CONCENTRATE_MIX']",2,2,46.0,283.0,122000.0,MEDIUM,4,31,35
BLF2578,MALE_BULL,RED,LOCAL,"['JUMBOO', 'LUCERNE', 'NAPIER', 'SILAGE', 'STRAW', 'CORN', 'CONCENTRATE_MIX']",2,2,42.3,220.0,95000.0,MINIMUM,4,31,35
BLF2579,MALE_BULL,NON_RED,LOCAL,"['JUMBOO', 'LUCERNE', 'NAPIER', 'SILAGE', 'STRAW', 'CORN', 'CONCENTRATE_MIX']",2,2,42.8,202.0,85000.0,MINIMUM,4,31,35
BLF2580,MALE_BULL,NON_RED,LOCAL,"['JUMBOO', 'LUCERNE', 'NAPIER', 'SILAGE', 'STRAW', 'CORN', 'CONCENTRATE_MIX']",2,2,45.6,243.0,103000.0,MEDIUM,4,31,35
BLF2581,MALE_BULL,RED,SAHIWAL,"['JUMBOO', 'LUCERNE', 'NAPIER', 'SILAGE', 'STRAW', 'CORN', 'CONCENTRATE_MIX']",2,2,44.0,229.0,98000.0,MINIMUM,4,31,35
BLF2582,MALE_BULL,RED,LOCAL,"['JUMBOO', 'LUCERNE', 'NAPIER', 'SILAGE', 'STRAW', 'CORN', 'CONCENTRATE_MIX']",2.5,4,46.0,222.0,96000.0,MEDIUM,4,31,35
BLF2583,MALE_BULL,NON_RED,LOCAL,"['JUMBOO', 'LUCERNE', 'NAPIER', 'SILAGE', 'STRAW', 'CORN', 'CONCENTRATE_MIX']",2,2,43.3,219.0,93000.0,MINIMUM,4,31,35
BLF2584,MALE_BULL,NON_RED,LOCAL,"['JUMBOO', 'LUCERNE', 'NAPIER', 'SILAGE', 'STRAW', 'CORN', 'CONCENTRATE_MIX']",2,2,46.0,245.0,104000.0,MEDIUM,4,31,35
BLF2585,MALE_BULL,NON_RED,LOCAL,"['JUMBOO', 'LUCERNE', 'NAPIER', 'SILAGE', 'STRAW', 'CORN', 'CONCENTRATE_MIX']",2,2,46.9,234.0,99000.0,MEDIUM,4,31,35
BLF2586,MALE_BULL,RED,SAHIWAL,"['JUMBOO', 'LUCERNE', 'NAPIER', 'SILAGE', 'STRAW', 'CORN', 'CONCENTRATE_MIX']",2,2,47.1,280.0,121000.0,MEDIUM,4,31,35
BLF2587,MALE_BULL,NON_RED,LOCAL,"['JUMBOO', 'LUCERNE', 'NAPIER', 'SILAGE', 'STRAW', 'CORN', 'CONCENTRATE_MIX']",2,2,41.5,226.0,95000.0,MINIMUM,4,31,35
BLF2588,MALE_BULL,RED,LOCAL,"['JUMBOO', 'LUCERNE', 'NAPIER', 'SILAGE', 'STRAW', 'CORN', 'CONCENTRATE_MIX']",2,2,42.9,233.0,101000.0,MINIMUM,4,31,35
BLF2589,MALE_BULL,RED,SAHIWAL,"['JUMBOO', 'LUCERNE', 'NAPIER', 'SILAGE', 'STRAW', 'CORN', 'CONCENTRATE_MIX']",2,2,43.0,223.0,96000.0,MINIMUM,4,31,35
BLF2590,MALE_BULL,NON_RED,SINDHI,"['JUMBOO', 'LUCERNE', 'NAPIER', 'SILAGE', 'STRAW', 'CORN', 'CONCENTRATE_MIX']",2,2,45.5,270.0,116000.0,MEDIUM,4,31,35
BLF2591,MALE_BULL,NON_RED,LOCAL,"['JUMBOO', 'LUCERNE', 'NAPIER', 'SILAGE', 'STRAW', 'CORN', 'CONCENTRATE_MIX']",2,2,42.9,195.0,83000.0,MINIMUM,4,31,35
BLF2592,MALE_BULL,RED,SAHIWAL,"['JUMBOO', 'LUCERNE', 'NAPIER', 'SILAGE', 'STRAW', 'CORN', 'CONCENTRATE_MIX']",2,2,46.0,235.0,101000.0,MEDIUM,4,31,35
BLF2593,MALE_BULL,NON_RED,LOCAL,"['JUMBOO', 'LUCERNE', 'NAPIER', 'SILAGE', 'STRAW', 'CORN', 'CONCENTRATE_MIX']",2,2,43.0,210.0,90000.0,MINIMUM,4,31,35
BLF2594,MALE_BULL,NON_RED,MIR_KADIM,"['JUMBOO', 'LUCERNE', 'NAPIER', 'SILAGE', 'STRAW', 'CORN', 'CONCENTRATE_MIX']",2,2,39.0,183.0,86000.0,MINIMUM,4,31,35
BLF2595,MALE_BULL,RED,LOCAL,"['JUMBOO', 'LUCERNE', 'NAPIER', 'SILAGE', 'STRAW', 'CORN', 'CONCENTRATE_MIX']",2,2,46.0,243.0,105000.0,MEDIUM,4,31,35
BLF2596,MALE_BULL,RED,LOCAL,"['JUMBOO', 'LUCERNE', 'NAPIER', 'SILAGE', 'STRAW', 'CORN', 'CONCENTRATE_MIX']",2.5,4,42.0,203.0,88000.0,MINIMUM,4,31,35
BLF2597,MALE_BULL,RED,RED_CHITTAGONG,"['JUMBOO', 'LUCERNE', 'NAPIER', 'SILAGE', 'STRAW', 'CORN', 'CONCENTRATE_MIX']",2,2,47.0,263.0,116000.0,MEDIUM,4,31,35
BLF2598,MALE_BULL,NON_RED,LOCAL,"['JUMBOO', 'LUCERNE', 'NAPIER', 'SILAGE', 'STRAW', 'CORN', 'CONCENTRATE_MIX']",2,2,43.1,199.0,85000.0,MINIMUM,4,31,35
BLF2599,MALE_BULL,RED,RED_CHITTAGONG,"['JUMBOO', 'LUCERNE', 'NAPIER', 'SILAGE', 'STRAW', 'CORN', 'CONCENTRATE_MIX']",2,2,49.6,280.0,124000.0,MEDIUM,4,31,35
BLF2600,MALE_BULL,RED,SAHIWAL,"['JUMBOO', 'LUCERNE', 'NAPIER', 'SILAGE', 'STRAW', 'CORN', 'CONCENTRATE_MIX']",2.5,4,44.3,257.0,111000.0,MINIMUM,4,30,34
BLF2601,MALE_BULL,RED,SAHIWAL,"['JUMBOO', 'LUCERNE', 'NAPIER', 'SILAGE', 'STRAW', 'CORN', 'CONCENTRATE_MIX']",2,2,46.6,273.0,118000.0,MEDIUM,4,31,35
BLF2602,MALE_BULL,RED,SAHIWAL,"['JUMBOO', 'LUCERNE', 'NAPIER', 'SILAGE', 'STRAW', 'CORN', 'CONCENTRATE_MIX']",2,2,49.6,315.0,135000.0,MEDIUM,4,31,35
BLF2603,MALE_BULL,RED,LOCAL,"['JUMBOO', 'LUCERNE', 'NAPIER', 'SILAGE', 'STRAW', 'CORN', 'CONCENTRATE_MIX']",2.5,4,45.6,282.0,122000.0,MEDIUM,4,31,35
BLF2604,MALE_BULL,RED,LOCAL,"['JUMBOO', 'LUCERNE', 'NAPIER', 'SILAGE', 'STRAW', 'CORN', 'CONCENTRATE_MIX']",2,2,42.0,186.0,80000.0,MINIMUM,4,31,35
BLF2605,MALE_BULL,RED,LOCAL,"['JUMBOO', 'LUCERNE', 'NAPIER', 'SILAGE', 'STRAW', 'CORN', 'CONCENTRATE_MIX']",2.5,4,46.0,254.0,109000.0,MEDIUM,4,31,35
BLF2606,MALE_BULL,RED,SAHIWAL,"['JUMBOO', 'LUCERNE', 'NAPIER', 'SILAGE', 'STRAW', 'CORN', 'CONCENTRATE_MIX']",2.5,4,51.1,375.0,162000.0,LARGE,4,31,35
BLF2607,FEMALE_HEIFER,NON_RED,HOSTINE_CROSS,"['JUMBOO', 'LUCERNE', 'NAPIER', 'SILAGE', 'STRAW', 'CORN', 'CONCENTRATE_MIX']",2,2,49.6,348.0,145000.0,LARGE,4,31,35
BLF2608,MALE_BULL,RED,RED_CHITTAGONG,"['JUMBOO', 'LUCERNE', 'NAPIER', 'SILAGE', 'STRAW', 'CORN', 'CONCENTRATE_MIX']",2,2,51.1,282.0,125000.0,LARGE,4,31,35
BLF2609,MALE_BULL,RED,LOCAL,"['JUMBOO', 'LUCERNE', 'NAPIER', 'SILAGE', 'STRAW', 'CORN', 'CONCENTRATE_MIX']",2,2,50.8,286.0,123000.0,MEDIUM,4,31,35
BLF2610,MALE_BULL,NON_RED,LOCAL,"['JUMBOO', 'LUCERNE', 'NAPIER', 'SILAGE', 'STRAW', 'CORN', 'CONCENTRATE_MIX']",2,2,48.4,302.0,128000.0,MEDIUM,4,31,35
BLF2611,MALE_BULL,RED,SINDHI,"['JUMBOO', 'LUCERNE', 'NAPIER', 'SILAGE', 'STRAW', 'CORN', 'CONCENTRATE_MIX']",2.5,4,53.6,412.0,28000.0,LARGE,4,31,35
BLF2612,MALE_BULL,RED,LOCAL,"['JUMBOO', 'LUCERNE', 'NAPIER', 'SILAGE', 'STRAW', 'CORN', 'CONCENTRATE_MIX']",2,2,43.0,203.0,89000.0,MINIMUM,4,26,30
BLF2613,MALE_BULL,RED,SAHIWAL,"['JUMBOO', 'LUCERNE', 'NAPIER', 'SILAGE', 'STRAW', 'CORN', 'CONCENTRATE_MIX']",2,2,46.8,280.0,121000.0,MEDIUM,4,31,35
BLF2614,MALE_BULL,RED,SAHIWAL,"['JUMBOO', 'LUCERNE', 'NAPIER', 'SILAGE', 'STRAW', 'CORN', 'CONCENTRATE_MIX']",3,6,52.4,372.0,160000.0,LARGE,4,31,35
BLF2615,MALE_BULL,NON_RED,MIR_KADIM,"['JUMBOO', 'LUCERNE', 'NAPIER', 'SILAGE', 'STRAW', 'CORN', 'CONCENTRATE_MIX']",2,2,44.0,183.0,85000.0,MINIMUM,4,31,35
BLF2616,MALE_BULL,NON_RED,LOCAL,"['JUMBOO', 'LUCERNE', 'NAPIER', 'SILAGE', 'STRAW', 'CORN', 'CONCENTRATE_MIX']",2,2,47.1,246.0,104000.0,MEDIUM,4,31,35
BLF2617,MALE_BULL,RED,SINDHI,"['JUMBOO', 'LUCERNE', 'NAPIER', 'SILAGE', 'STRAW', 'CORN', 'CONCENTRATE_MIX']",2,2,51.0,300.0,130000.0,LARGE,4,31,35
BLF2618,MALE_BULL,NON_RED,LOCAL,"['JUMBOO', 'LUCERNE', 'NAPIER', 'SILAGE', 'STRAW', 'CORN', 'CONCENTRATE_MIX']",2,2,49.0,254.0,108000.0,MEDIUM,4,31,35
BLF2619,MALE_BULL,RED,LOCAL,"['JUMBOO', 'LUCERNE', 'NAPIER', 'SILAGE', 'STRAW', 'CORN', 'CONCENTRATE_MIX']",2.5,4,44.7,203.0,88000.0,MINIMUM,4,31,35
BLF2620,MALE_BULL,RED,LOCAL,"['JUMBOO', 'LUCERNE', 'NAPIER', 'SILAGE', 'STRAW', 'CORN', 'CONCENTRATE_MIX']",2,2,44.3,206.0,89000.0,MINIMUM,4,31,35
BLF2621,MALE_BULL,NON_RED,LOCAL,"['JUMBOO', 'LUCERNE', 'NAPIER', 'SILAGE', 'STRAW', 'CORN', 'CONCENTRATE_MIX']",2.5,4,49.6,240.0,103000.0,MEDIUM,4,31,35
BLF2622,MALE_BULL,RED,SAHIWAL,"['JUMBOO', 'LUCERNE', 'NAPIER', 'SILAGE', 'STRAW', 'CORN', 'CONCENTRATE_MIX']",2,2,49.0,281.0,122000.0,MEDIUM,4,31,35
BLF2623,MALE_BULL,NON_RED,LOCAL,"['JUMBOO', 'LUCERNE', 'NAPIER', 'SILAGE', 'STRAW', 'CORN', 'CONCENTRATE_MIX']",2,2,49.6,316.0,135000.0,MEDIUM,4,31,35
BLF2624,MALE_BULL,RED,LOCAL,"['JUMBOO', 'LUCERNE', 'NAPIER', 'SILAGE', 'STRAW', 'CORN', 'CONCENTRATE_MIX']",2,2,39.0,208.0,90000.0,MINIMUM,4,31,35
BLF2625,MALE_BULL,NON_RED,LOCAL,"['JUMBOO', 'LUCERNE', 'NAPIER', 'SILAGE', 'STRAW', 'CORN', 'CONCENTRATE_MIX']",2,2,41.5,205.0,88000.0,MINIMUM,4,31,35
BLF2626,MALE_BULL,RED,LOCAL,"['JUMBOO', 'LUCERNE', 'NAPIER', 'SILAGE', 'STRAW', 'CORN', 'CONCENTRATE_MIX']",2,2,39.1,197.0,85000.0,MINIMUM,4,31,35
BLF2627,MALE_BULL,RED,SINDHI,"['JUMBOO', 'LUCERNE', 'NAPIER', 'SILAGE', 'STRAW', 'CORN', 'CONCENTRATE_MIX']",2,2,43.0,210.0,91000.0,MINIMUM,4,31,35
BLF2628,MALE_BULL,NON_RED,LOCAL,"['JUMBOO', 'LUCERNE', 'NAPIER', 'SILAGE', 'STRAW', 'CORN', 'CONCENTRATE_MIX']",2,2,38.0,204.0,86000.0,MINIMUM,4,31,35
BLF2629,MALE_BULL,RED,SAHIWAL,"['JUMBOO', 'LUCERNE', 'NAPIER', 'SILAGE', 'STRAW', 'CORN', 'CONCENTRATE_MIX']",2,2,50.0,294.0,127000.0,MEDIUM,4,31,35
BLF2630,MALE_BULL,NON_RED,LOCAL,"['JUMBOO', 'LUCERNE', 'NAPIER', 'SILAGE', 'STRAW', 'CORN', 'CONCENTRATE_MIX']",2,2,47.1,359.0,152000.0,MEDIUM,4,31,35
BLF2631,MALE_BULL,NON_RED,LOCAL,"['JUMBOO', 'LUCERNE', 'NAPIER', 'SILAGE', 'STRAW', 'CORN', 'CONCENTRATE_MIX']",2,2,47.0,231.0,98000.0,MEDIUM,4,31,35
BLF2632,MALE_BULL,NON_RED,LOCAL,"['JUMBOO', 'LUCERNE', 'NAPIER', 'SILAGE', 'STRAW', 'CORN', 'CONCENTRATE_MIX']",2,2,44.0,226.0,96000.0,MINIMUM,4,31,35
BLF2633,MALE_BULL,NON_RED,LOCAL,"['JUMBOO', 'LUCERNE', 'NAPIER', 'SILAGE', 'STRAW', 'CORN', 'CONCENTRATE_MIX']",2,2,46.5,217.0,92000.0,MEDIUM,4,31,35
BLF2634,MALE_BULL,NON_RED,LOCAL,"['JUMBOO', 'LUCERNE', 'NAPIER', 'SILAGE', 'STRAW', 'CORN', 'CONCENTRATE_MIX']",2,2,45.0,207.0,88000.0,MEDIUM,4,31,35
BLF2635,MALE_BULL,RED,LOCAL,"['JUMBOO', 'LUCERNE', 'NAPIER', 'SILAGE', 'STRAW', 'CORN', 'CONCENTRATE_MIX']",2,2,49.0,257.0,111000.0,MEDIUM,4,29,33
BLF2636,MALE_BULL,NON_RED,LOCAL,"['JUMBOO', 'LUCERNE', 'NAPIER', 'SILAGE', 'STRAW', 'CORN', 'CONCENTRATE_MIX']",2,2,45.0,213.0,90000.0,MEDIUM,4,31,35
BLF2637,MALE_BULL,NON_RED,PABNA_BREED,"['JUMBOO', 'LUCERNE', 'NAPIER', 'SILAGE', 'STRAW', 'CORN', 'CONCENTRATE_MIX']",2,2,45.5,274.0,116000.0,MEDIUM,4,31,35
BLF2638,MALE_BULL,RED,LOCAL,"['JUMBOO', 'LUCERNE', 'NAPIER', 'SILAGE', 'STRAW', 'CORN', 'CONCENTRATE_MIX']",2,2,46.8,210.0,91000.0,MEDIUM,4,31,35
BLF2639,MALE_BULL,RED,SINDHI,"['JUMBOO', 'LUCERNE', 'NAPIER', 'SILAGE', 'STRAW', 'CORN', 'CONCENTRATE_MIX']",2,2,51.0,288.0,125000.0,LARGE,4,31,35
BLF2640,MALE_BULL,RED,SAHIWAL,"['JUMBOO', 'LUCERNE', 'NAPIER', 'SILAGE', 'STRAW', 'CORN', 'CONCENTRATE_MIX']",2.5,4,49.6,300.0,130000.0,MEDIUM,4,31,35
BLF2641,MALE_BULL,RED,SAHIWAL,"['JUMBOO', 'LUCERNE', 'NAPIER', 'SILAGE', 'STRAW', 'CORN', 'CONCENTRATE_MIX']",2,2,47.0,270.0,117000.0,MEDIUM,4,31,35
BLF2642,MALE_BULL,RED,SAHIWAL,"['JUMBOO', 'LUCERNE', 'NAPIER', 'SILAGE', 'STRAW', 'CORN', 'CONCENTRATE_MIX']",2.5,4,48.0,297.0,129000.0,MEDIUM,4,31,35
BLF2643,MALE_BULL,RED,SAHIWAL,"['JUMBOO', 'LUCERNE', 'NAPIER', 'SILAGE', 'STRAW', 'CORN', 'CONCENTRATE_MIX']",2,2,44.0,259.0,112000.0,MINIMUM,4,31,35
BLF2644,MALE_BULL,RED,SAHIWAL,"['JUMBOO', 'LUCERNE', 'NAPIER', 'SILAGE', 'STRAW', 'CORN', 'CONCENTRATE_MIX']",2,2,46.9,257.0,111000.0,MEDIUM,4,31,35
BLF2645,MALE_BULL,RED,LOCAL,"['JUMBOO', 'LUCERNE', 'NAPIER', 'SILAGE', 'STRAW', 'CORN', 'CONCENTRATE_MIX']",2.5,4,46.8,244.0,105000.0,MEDIUM,4,31,35
BLF2646,MALE_BULL,RED,LOCAL,"['JUMBOO', 'LUCERNE', 'NAPIER', 'SILAGE', 'STRAW', 'CORN', 'CONCENTRATE_MIX']",2,2,46.0,230.0,99000.0,MEDIUM,4,31,35
BLF2647,MALE_BULL,RED,SINDHI,"['JUMBOO', 'LUCERNE', 'NAPIER', 'SILAGE', 'STRAW', 'CORN', 'CONCENTRATE_MIX']",2.5,4,48.0,248.0,108000.0,MEDIUM,4,31,35
BLF2648,MALE_BULL,NON_RED,LOCAL,"['JUMBOO', 'LUCERNE', 'NAPIER', 'SILAGE', 'STRAW', 'CORN', 'CONCENTRATE_MIX']",2,2,46.0,235.0,100000.0,MEDIUM,4,31,35
BLF2649,MALE_BULL,NON_RED,LOCAL,"['JUMBOO', 'LUCERNE', 'NAPIER', 'SILAGE', 'STRAW', 'CORN', 'CONCENTRATE_MIX']",2,2,46.9,223.0,95000.0,MEDIUM,4,31,35
BLF2650,MALE_BULL,NON_RED,LOCAL,"['JUMBOO', 'LUCERNE', 'NAPIER', 'SILAGE', 'STRAW', 'CORN', 'CONCENTRATE_MIX']",2,2,46.8,207.0,88000.0,MEDIUM,4,31,35
BLF2651,MALE_BULL,NON_RED,LOCAL,"['JUMBOO', 'LUCERNE', 'NAPIER', 'SILAGE', 'STRAW', 'CORN', 'CONCENTRATE_MIX']",2,2,44.5,192.0,82000.0,MINIMUM,4,31,35
BLF2652,MALE_BULL,RED,LOCAL,"['JUMBOO', 'LUCERNE', 'NAPIER', 'SILAGE', 'STRAW', 'CORN', 'CONCENTRATE_MIX']",2,2,45.0,223.0,96000.0,MEDIUM,4,31,35
BLF2653,MALE_BULL,RED,SINDHI,"['JUMBOO', 'LUCERNE', 'NAPIER', 'SILAGE', 'STRAW', 'CORN', 'CONCENTRATE_MIX']",2,2,50.7,307.0,132000.0,MEDIUM,4,31,35
BLF2654,MALE_BULL,RED,LOCAL,"['JUMBOO', 'LUCERNE', 'NAPIER', 'SILAGE', 'STRAW', 'CORN', 'CONCENTRATE_MIX']",2.5,4,48.3,255.0,110000.0,MEDIUM,4,31,35
BLF2655,MALE_BULL,RED,LOCAL,"['JUMBOO', 'LUCERNE', 'NAPIER', 'SILAGE', 'STRAW', 'CORN', 'CONCENTRATE_MIX']",2,2,48.0,251.0,108000.0,MEDIUM,4,31,35
BLF2656,MALE_BULL,NON_RED,LOCAL,"['JUMBOO', 'LUCERNE', 'NAPIER', 'SILAGE', 'STRAW', 'CORN', 'CONCENTRATE_MIX']",2.5,4,45.0,209.0,89000.0,MEDIUM,4,31,35
BLF2657,MALE_BULL,RED,LOCAL,"['JUMBOO', 'LUCERNE', 'NAPIER', 'SILAGE', 'STRAW', 'CORN', 'CONCENTRATE_MIX']",2,2,38.8,152.0,67000.0,MINIMUM,4,31,35
BLF2658,MALE_BULL,RED,LOCAL,"['JUMBOO', 'LUCERNE', 'NAPIER', 'SILAGE', 'STRAW', 'CORN', 'CONCENTRATE_MIX']",2,2,43.1,197.0,85000.0,MINIMUM,4,31,35
BLF2659,MALE_BULL,RED,LOCAL,"['JUMBOO', 'LUCERNE', 'NAPIER', 'SILAGE', 'STRAW', 'CORN', 'CONCENTRATE_MIX']",2,2,47.0,248.0,107000.0,MEDIUM,4,31,35
BLF2660,MALE_BULL,RED,LOCAL,"['JUMBOO', 'LUCERNE', 'NAPIER', 'SILAGE', 'STRAW', 'CORN', 'CONCENTRATE_MIX']",2.5,4,44.0,215.0,93000.0,MINIMUM,4,31,35
BLF2661,MALE_BULL,RED,SAHIWAL,"['JUMBOO', 'LUCERNE', 'NAPIER', 'SILAGE', 'STRAW', 'CORN', 'CONCENTRATE_MIX']",2,2,46.9,249.0,108000.0,MEDIUM,4,31,35
BLF2662,MALE_BULL,NON_RED,LOCAL,"['JUMBOO', 'LUCERNE', 'NAPIER', 'SILAGE', 'STRAW', 'CORN', 'CONCENTRATE_MIX']",2,2,45.0,238.0,101000.0,MEDIUM,4,31,35
BLF2663,MALE_BULL,NON_RED,LOCAL,"['JUMBOO', 'LUCERNE', 'NAPIER', 'SILAGE', 'STRAW', 'CORN', 'CONCENTRATE_MIX']",2,2,42.5,206.0,88000.0,MINIMUM,4,31,35
BLF2664,MALE_BULL,NON_RED,HOSTINE_CROSS,"['JUMBOO', 'LUCERNE', 'NAPIER', 'SILAGE', 'STRAW', 'CORN', 'CONCENTRATE_MIX']",2,2,48.5,276.0,117000.0,MEDIUM,4,31,35
BLF2665,MALE_BULL,NON_RED,LOCAL,"['JUMBOO', 'LUCERNE', 'NAPIER', 'SILAGE', 'STRAW', 'CORN', 'CONCENTRATE_MIX']",2,2,46.5,226.0,96000.0,MEDIUM,4,31,35
BLF2666,MALE_BULL,RED,LOCAL,"['JUMBOO', 'LUCERNE', 'NAPIER', 'SILAGE', 'STRAW', 'CORN', 'CONCENTRATE_MIX']",2,2,47.0,240.0,104000.0,MEDIUM,4,31,35
BLF2667,MALE_BULL,NON_RED,LOCAL,"['JUMBOO', 'LUCERNE', 'NAPIER', 'SILAGE', 'STRAW', 'CORN', 'CONCENTRATE_MIX']",2.5,4,48.0,242.0,103000.0,MEDIUM,4,31,35
BLF2668,MALE_BULL,NON_RED,LOCAL,"['JUMBOO', 'LUCERNE', 'NAPIER', 'SILAGE', 'STRAW', 'CORN', 'CONCENTRATE_MIX']",2,2,49.5,273.0,116000.0,MEDIUM,4,31,35
BLF2669,MALE_BULL,RED,LOCAL,"['JUMBOO', 'LUCERNE', 'NAPIER', 'SILAGE', 'STRAW', 'CORN', 'CONCENTRATE_MIX']",2.5,4,46.0,235.0,102000.0,MEDIUM,4,31,35
BLF2670,MALE_BULL,RED,LOCAL,"['JUMBOO', 'LUCERNE', 'NAPIER', 'SILAGE', 'STRAW', 'CORN', 'CONCENTRATE_MIX']",2,2,44.3,235.0,101000.0,MINIMUM,4,31,35
BLF2671,MALE_BULL,RED,RED_CHITTAGONG,"['JUMBOO', 'LUCERNE', 'NAPIER', 'SILAGE', 'STRAW', 'CORN', 'CONCENTRATE_MIX']",2.5,4,43.1,219.0,95000.0,MINIMUM,4,31,35
BLF2672,MALE_BULL,NON_RED,LOCAL,"['JUMBOO', 'LUCERNE', 'NAPIER', 'SILAGE', 'STRAW', 'CORN', 'CONCENTRATE_MIX']",2,2,45.6,232.0,99000.0,MEDIUM,4,31,35
BLF2673,MALE_BULL,RED,LOCAL,"['JUMBOO', 'LUCERNE', 'NAPIER', 'SILAGE', 'STRAW', 'CORN', 'CONCENTRATE_MIX']",2,2,45.7,266.0,115000.0,MEDIUM,4,31,35
BLF2674,MALE_BULL,RED,LOCAL,"['JUMBOO', 'LUCERNE', 'NAPIER', 'SILAGE', 'STRAW', 'CORN', 'CONCENTRATE_MIX']",2.5,4,42.0,195.0,85000.0,MINIMUM,4,31,35
BLF2675,MALE_BULL,RED,LOCAL,"['JUMBOO', 'LUCERNE', 'NAPIER', 'SILAGE', 'STRAW', 'CORN', 'CONCENTRATE_MIX']",3,6,58.2,510.0,244800.0,EXTRA_LARGE,4,31,35
BLF2676,MALE_BULL,NON_RED,HOSTINE_CROSS,"['JUMBOO', 'LUCERNE', 'NAPIER', 'SILAGE', 'STRAW', 'CORN', 'CONCENTRATE_MIX']",2.5,4,53.0,415.0,176000.0,LARGE,4,31,35
BLF2677,MALE_BULL,NON_RED,LOCAL,"['JUMBOO', 'LUCERNE', 'NAPIER', 'SILAGE', 'STRAW', 'CORN', 'CONCENTRATE_MIX']",2,2,51.2,380.0,26000.0,LARGE,4,31,35
BLF2678,MALE_BULL,RED,SAHIWAL,"['JUMBOO', 'LUCERNE', 'NAPIER', 'SILAGE', 'STRAW', 'CORN', 'CONCENTRATE_MIX']",2,2,57.0,698.0,335000.0,EXTRA_LARGE,4,31,35
